id,symbol,name,image,current_price,market_cap,market_cap_rank,fully_diluted_valuation,total_volume,high_24h,low_24h,price_change_24h,price_change_percentage_24h,market_cap_change_24h,market_cap_change_percentage_24h,circulating_supply,total_supply,max_supply,ath,ath_change_percentage,ath_date,atl,atl_change_percentage,atl_date,roi,last_updated,market_cap_mm
based-brett,brett,Brett,https://coin-images.coingecko.com/coins/images/35529/large/1000050750.png?1709031995,0.17277,1713735326.0,66.0,1713735308.0,298541313.0,0.191253,0.141812,0.0242113,16.29746,242259919.0,16.46374,9910112130.0759,9910112023.76992,9999998988.0,0.193328,-9.96651,2024-06-09T12:55:51.835Z,0.00084753,20437.36603,2024-02-29T08:40:24.951Z,,2024-11-15T13:24:56.051Z,1713.735308
degen-base,degen,Degen (Base),https://coin-images.coingecko.com/coins/images/34515/large/android-chrome-512x512.png?1706198225,0.02878246,499826644.0,175.0,1077643366.0,456187347.0,0.03102549,0.02038733,0.0083478,40.8512,144655888.0,40.72855,17145337963.22,36965935954.0,36965935954.0,0.064543,-54.64568,2024-03-31T20:22:27.147Z,2.255e-05,129706.25366,2024-01-15T05:47:46.931Z,,2024-11-15T13:24:57.873Z,1077.643366
toshi,toshi,Toshi,https://coin-images.coingecko.com/coins/images/31126/large/Toshi_Logo_-_Circular.png?1721677476,0.00032867,138352005.0,401.0,138352005.0,7061291.0,0.00033108,0.00027607,4.4e-05,15.45803,18423735.0,15.3623,420690000000.0,420690000000.0,420690000000.0,0.00079383,-58.36659,2024-04-08T09:00:30.373Z,1.8963e-08,1742710.78763,2023-10-09T16:05:26.462Z,,2024-11-15T13:24:55.204Z,138.352005
keyboard-cat-base,keycat,Keyboard Cat (Base),https://coin-images.coingecko.com/coins/images/36608/large/keyboard_cat.jpeg?1711965348,0.01297649,129525353.0,418.0,129525353.0,8927539.0,0.01585028,0.01028009,0.00129526,11.08836,11210182.0,9.47485,10000000000.0,10000000000.0,10000000000.0,0.01585028,-18.63395,2024-11-15T10:15:50.320Z,0.00022064,5745.20858,2024-08-05T12:46:04.502Z,,2024-11-15T13:24:59.830Z,129.525353
mister-miggles,miggles,Mister Miggles,https://coin-images.coingecko.com/coins/images/39251/large/miggles.jpg?1721283044,0.129801,126896478.0,417.0,126896478.0,29108023.0,0.134028,0.06823,0.056378,76.78411,56515867.0,80.30034,958764877.7915385,958764877.7915385,1000000000.0,0.134028,-1.49281,2024-11-15T12:30:41.553Z,0.01288409,924.72888,2024-08-05T06:31:54.519Z,,2024-11-15T13:25:00.933Z,126.896478
doginme,doginme,doginme,https://coin-images.coingecko.com/coins/images/35123/large/doginme-logo1-transparent200.png?1710856784,0.00091118,63371422.0,659.0,63371422.0,2484356.0,0.00096322,0.00065488,0.00012602,16.04971,10281861.0,19.36701,67619999999.99996,67619999999.99996,69000000000.0,0.00177931,-47.94318,2024-03-25T14:49:16.065Z,3.99e-06,23092.6447,2024-02-09T03:23:12.727Z,,2024-11-15T13:24:57.850Z,63.371422
higher,higher,higher,https://coin-images.coingecko.com/coins/images/36084/large/200x200logo.png?1710427814,0.061875,62045194.0,658.0,62045194.0,2280934.0,0.064861,0.04926568,0.00728974,13.35469,9397015.0,17.8487,1000000000.0,1000000000.0,1000000000.0,0.114177,-44.70846,2024-04-04T03:24:05.700Z,0.00086388,7207.7824,2024-03-19T11:32:59.611Z,,2024-11-15T13:25:02.093Z,62.045194
basenji,benji,Basenji,https://coin-images.coingecko.com/coins/images/36416/large/ben200x200.jpg?1711420807,0.051989,51990807.0,729.0,51990807.0,2478642.0,0.056216,0.03601148,0.00662737,14.61025,6509435.0,14.31231,1000000000.0,1000000000.0,1000000000.0,0.104985,-49.96483,2024-06-10T04:30:56.937Z,0.0087781,498.41698,2024-05-14T14:51:22.348Z,,2024-11-15T13:24:55.381Z,51.990807
mfercoin,mfer,mfercoin,https://coin-images.coingecko.com/coins/images/36550/large/mfercoin-logo.png?1711876821,0.04785075,47814836.0,765.0,47814836.0,11232325.0,0.04847957,0.03384925,0.01082817,29.24747,10808120.0,29.20584,999998066.04,999998066.04,1000000000.0,0.263597,-81.84189,2024-03-31T13:30:38.574Z,0.00789423,506.32009,2024-09-06T21:06:41.047Z,,2024-11-15T13:25:01.341Z,47.814836
ski-mask-dog,ski,Ski Mask Dog,https://coin-images.coingecko.com/coins/images/37195/large/32992128-F52F-4346-84CA-8E0C48F43606.jpeg?1713676521,0.04571439,45408105.0,783.0,45408105.0,6106622.0,0.054207,0.03794187,-0.001145334903789874,-2.44418,-1533963.8294838667,-3.26778,1000000000.0,1000000000.0,1000000000.0,0.054207,-16.88555,2024-11-15T04:20:49.640Z,0.00040261,11090.5207,2024-09-17T01:22:02.031Z,,2024-11-15T13:24:53.578Z,45.408105
based-pepe,pepe,Based Pepe,https://coin-images.coingecko.com/coins/images/39763/large/based_pepe_transparent.png?1724010222,8.8098e-08,37064580.0,884.0,37064580.0,2056637.0,1.14799e-07,7.5414e-08,-2.6700748983e-08,-23.25875,-11257281.555372812,-23.29646,420690000000000.0,420690000000000.0,420690000000000.0,1.2267e-07,-28.19545,2024-11-13T18:05:41.791Z,5.358e-09,1543.9436,2024-08-19T06:44:21.182Z,,2024-11-15T13:24:55.254Z,37.06458
elonrwa,elonrwa,ElonRWA,https://coin-images.coingecko.com/coins/images/36970/large/elonrwa.png?1712910039,0.00073181,26506985.0,1065.0,51892007.0,11073981.0,0.00084992,0.0005209,0.00020521,38.9683,8331068.0,45.83575,35601948612.45617,69696969696.0,100000000000.0,0.00084992,-11.3753,2024-11-15T03:40:52.394Z,3.417e-05,2104.4575,2024-10-03T15:24:23.604Z,,2024-11-15T13:24:58.311Z,51.892007
chompcoin,chomp,ChompCoin,https://coin-images.coingecko.com/coins/images/36942/large/chomplogo200.png?1712864472,0.276873,25941028.0,1079.0,25941028.0,1620268.0,0.315164,0.16632,0.02713212,10.86412,2530137.0,10.80752,93693013.36237712,93693013.36237712,100000000.0,0.96151,-71.48775,2024-06-11T02:06:44.916Z,0.00230459,11795.72664,2024-04-14T11:47:35.079Z,,2024-11-15T13:24:57.076Z,25.941028
base-god,tybg,Base God,https://coin-images.coingecko.com/coins/images/34563/large/tybg.png?1705400778,0.00021017,25873831.0,1085.0,25873831.0,1574107.0,0.00021601,0.00013698,1.952e-05,10.23626,2826516.0,12.26397,122931704613.903,122931704613.903,125000000000.0,0.00070125,-70.26528,2024-03-05T15:34:12.420Z,2.26e-06,9122.12887,2024-01-24T03:02:48.172Z,,2024-11-15T13:24:55.276Z,25.873831
toby-toadgod,toby,Toby ToadGod,https://coin-images.coingecko.com/coins/images/36615/large/toby1.png?1711976453,6.4635e-08,24357585.0,1123.0,27064069.0,243941.0,7.0655e-08,5.7798e-08,5.517e-09,9.33277,2011328.0,9.00074,377995065618700.0,419995843396477.75,420000000000000.0,8.0647e-08,-21.85024,2024-04-11T00:30:02.406Z,8.607e-09,632.29337,2024-08-05T02:20:34.344Z,,2024-11-15T13:24:55.427Z,27.064069
mochi-thecatcoin,mochi,Mochi,https://coin-images.coingecko.com/coins/images/33083/large/CIRCLE-200x200.png?1713297273,2.215e-05,21840047.0,1174.0,21840047.0,485741.0,2.215e-05,1.567e-05,4.15e-06,23.04733,3863579.0,21.49243,1000000000000.0,1000000000000.0,1000000000000.0,8.118e-05,-72.83478,2024-03-26T08:26:28.517Z,4.76213e-07,4530.67957,2023-11-22T01:28:39.342Z,,2024-11-15T13:25:01.929Z,21.840047
normie-2,normie,NORMIE,https://coin-images.coingecko.com/coins/images/35880/large/NORMIEsite.png?1709983341,0.01993381,19486651.0,1245.0,19486651.0,1029118.0,0.022891,0.01708493,-0.001790395738105043,-8.24148,-1625675.606310904,-7.70013,974572368.6963344,974572368.6963344,1000000000.0,0.219147,-90.78414,2024-03-26T00:49:27.134Z,1.22927e-07,16429390.89353,2024-05-29T01:16:08.368Z,,2024-11-15T13:25:01.136Z,19.486651
floppa-cat,floppa,Floppa Cat,https://coin-images.coingecko.com/coins/images/36969/large/floppa.jpg?1722771377,0.01547447,15768981.0,1339.0,15768981.0,858867.0,0.0156615,0.01229292,0.00295832,23.63603,3277292.0,26.23578,1006862538.54212,1006862538.54212,1000000000.0,0.01542852,-0.41835,2024-11-15T12:25:49.364Z,0.00026512,5695.13639,2024-04-17T16:18:43.995Z,,2024-11-15T13:23:48.044Z,15.768981
based-chad,chad,Based Chad,https://coin-images.coingecko.com/coins/images/36285/large/logo_200_200_square.jpg?1712167823,0.00021215,14727174.0,1383.0,14727174.0,559489.0,0.00022427,0.00018578,3.05e-06,1.45792,20624.0,0.14024,69420000000.0,69420000000.0,69420000000.0,0.00026802,-21.37508,2024-11-13T16:51:59.078Z,3.93e-06,5255.73528,2024-08-05T01:16:01.721Z,,2024-11-15T13:23:21.670Z,14.727174
andy-on-base,andy,Andy,https://coin-images.coingecko.com/coins/images/36552/large/ANDY.jpg?1711896298,0.01374307,13717049.0,1421.0,13717049.0,357233.0,0.01445404,0.01141521,0.00194711,16.50659,1921088.0,16.28598,1000000000.0,1000000000.0,1000000000.0,0.04575116,-70.31732,2024-06-07T14:37:30.247Z,0.00161819,739.22052,2024-04-02T21:40:01.821Z,,2024-11-15T13:24:28.189Z,13.717049
bamboo-on-base,bamboo,Bamboo on Base,https://coin-images.coingecko.com/coins/images/39126/large/Bamboo_Logo_800x800.png?1720656497,0.01137691,11368202.0,1548.0,11368202.0,207928.0,0.0113682,0.01090392,0.00020258,1.81294,227341.0,2.04061,1000000000.0,1000000000.0,1000000000.0,0.04278792,-73.80968,2024-07-21T08:10:34.327Z,0.00345168,224.66227,2024-07-11T00:17:07.214Z,,2024-11-15T13:24:27.831Z,11.368202
lucky-dog,lucky,Lucky Dog,https://coin-images.coingecko.com/coins/images/51334/large/LUCKYTokenSymbol.png?1730797716,0.0013696,10625335.0,1571.0,10625335.0,324394.0,0.0016382,0.00123898,-0.0002678906413899,-16.35984,-2114464.643993497,-16.59732,7777777777.0,7777777777.0,7777777777.0,0.00412234,-66.33585,2024-11-11T17:40:34.037Z,0.00034272,304.92128,2024-11-05T22:45:00.104Z,,2024-11-15T13:23:23.888Z,10.625335
boomer,boomer,Boomer,https://coin-images.coingecko.com/coins/images/36477/large/Token_Image_200x200.png?1714757172,0.01013889,9398042.0,1643.0,9398042.0,1248974.0,0.01022626,0.0077239,0.00148417,17.14863,1373021.0,17.10925,926930477.6448815,926930477.6448815,1000000000.0,0.061015,-83.57047,2024-05-04T15:18:23.526Z,0.00066653,1403.96097,2024-03-29T00:23:53.401Z,,2024-11-15T13:24:08.597Z,9.398042
crash-on-base,crash,Crash On Base,https://coin-images.coingecko.com/coins/images/38817/large/_iNshlUA.png?1722185418,0.00941478,9003480.0,1674.0,9003480.0,203202.0,0.00954022,0.00634638,0.00262676,38.69692,2512229.0,38.70178,956313165.6720687,956313165.6720687,1000000000.0,0.03898669,-75.61086,2024-06-27T13:23:19.268Z,0.0012617,653.62719,2024-06-22T18:41:59.050Z,,2024-11-15T13:24:27.180Z,9.00348
young-peezy-aka-pepe,peezy,Young Peezy AKA Pepe,https://coin-images.coingecko.com/coins/images/36649/large/PFP_CG_200x200.jpeg?1719953176,0.00879596,8795965.0,1698.0,8795965.0,176984.0,0.00889667,0.00711316,-9.0375995128313e-05,-1.01702,-114139.44312936254,-1.28101,1000000000.0,1000000000.0,1000000000.0,0.01746762,-50.67893,2024-04-28T00:59:03.640Z,0.00020222,4160.40258,2024-04-02T22:36:21.955Z,,2024-11-15T13:20:38.698Z,8.795965
weirdo-2,weirdo,Weirdo,https://coin-images.coingecko.com/coins/images/37847/large/New_Project_%2823%29.png?1726539603,9.69e-05,6634192.0,1845.0,6634192.0,552266.0,0.0001087,6.97e-05,2.358e-05,32.15779,1451514.0,28.00703,69420000000.0,69420000000.0,69420000000.0,0.00023272,-58.78851,2024-05-23T09:55:43.246Z,1.774e-05,440.76622,2024-09-24T08:20:32.666Z,,2024-11-15T13:23:29.497Z,6.634192
upside-down-meme,wewe,WEWECOIN,https://coin-images.coingecko.com/coins/images/39135/large/wewe_logo.png?1720857800,6.603e-05,6335794.0,1887.0,6335794.0,105234.0,8.093e-05,6.119e-05,-9.059928439587e-06,-12.06471,-1168709.9297694238,-15.57345,100000000000.0,100000000000.0,100000000000.0,0.00039717,-84.12826,2024-07-21T08:17:29.800Z,1.702e-05,270.46042,2024-07-11T20:35:40.257Z,,2024-11-15T13:24:27.445Z,6.335794
coinye-west,coinye,Coinye West,https://coin-images.coingecko.com/coins/images/36403/large/Coinye_West.png?1711369153,0.00622894,5478650.0,2008.0,6228944.0,108113.0,0.00618537,0.00378188,0.00202377,48.12567,1786810.0,48.39891,879547068.52782,1000000000.0,1000000000.0,0.04538102,-86.55345,2024-04-02T01:51:21.711Z,0.00067012,810.61368,2024-09-06T21:01:55.249Z,,2024-11-15T13:24:26.735Z,6.228944
skull-of-pepe-token,skop,Skull of Pepe Token,https://coin-images.coingecko.com/coins/images/38342/large/skop.jpeg?1717141011,0.03551627,5331522.0,2059.0,5331522.0,746851.0,0.03554348,0.02343281,0.01170791,49.17561,1755865.0,49.10606,150000000.0,150000000.0,150000000.0,0.142385,-76.42517,2024-06-01T15:05:59.320Z,0.01388457,141.75802,2024-10-26T02:16:11.142Z,,2024-11-15T13:23:37.784Z,5.331522
briun-armstrung,briun,Briun Armstrung,https://coin-images.coingecko.com/coins/images/36183/large/200x200.png?1710758416,0.00662581,5260926.0,2037.0,5260926.0,584425.0,0.00804402,0.00389251,0.00271132,69.26371,2149741.0,69.0972,794004619.4459447,794004619.4459447,1000000000.0,0.0328559,-80.43515,2024-03-20T15:32:01.959Z,0.00025805,2391.06485,2024-09-17T04:20:22.795Z,,2024-11-15T13:24:03.674Z,5.260926
all-your-base-2,ayb,All Your Base,https://coin-images.coingecko.com/coins/images/35777/large/AYB-Coingecko.png?1718634946,1.97e-06,3908850.0,2280.0,3908850.0,155149.0,1.98e-06,1.43e-06,1.7389e-08,0.8923,30734.0,0.79251,1990000000000.0,1990000000000.0,1990000000000.0,5.44e-06,-64.28169,2024-03-30T04:38:55.959Z,2.81124e-07,591.72482,2024-09-18T10:19:26.007Z,,2024-11-15T13:24:25.792Z,3.90885
kendu-inu-2,kendu,Kendu Inu,https://coin-images.coingecko.com/coins/images/51087/large/Based_Kendu_Logo_%281%29.png?1730019305,3.53e-06,3526621.0,2361.0,3526621.0,66080.0,4.05e-06,3.44e-06,-1.93806094613e-07,-5.20924,-193806.0946133607,-5.20924,1000000000000.0,1000000000000.0,1000000000000.0,6.43e-06,-45.15403,2024-11-02T17:01:33.607Z,3.39e-06,3.87822,2024-11-11T18:41:26.373Z,,2024-11-15T13:04:35.157Z,3.526621
booshi,booshi,Booshi,https://coin-images.coingecko.com/coins/images/51056/large/BOOSHI.png?1729875831,0.00034586,3458632.0,2376.0,3458632.0,119.67,0.00035487,0.00033402,-8.53162371592e-06,-2.40738,-90031.8770194212,-2.53706,10000000000.0,10000000000.0,10000000000.0,0.0005311,-34.90017,2024-10-29T19:40:37.333Z,0.00032717,5.67742,2024-11-09T03:00:58.371Z,,2024-11-15T13:23:23.831Z,3.458632
condo,condo,CONDO,https://coin-images.coingecko.com/coins/images/37174/large/1000012387.jpg?1724589415,0.00032506,3250617.0,2422.0,3250617.0,27296.0,0.00035225,0.00030533,-2.2881936229663e-05,-6.57633,-228819.3622966283,-6.57633,10000000000.0,10000000000.0,10000000000.0,0.00080347,-59.6753,2024-06-11T01:37:56.930Z,0.00013267,144.21034,2024-09-11T15:01:03.265Z,,2024-11-15T13:19:05.179Z,3.250617
aerobud,aerobud,AEROBUD,https://coin-images.coingecko.com/coins/images/38210/large/Logo_Coingecko.png?1716798924,0.00293988,2937746.0,2516.0,2937746.0,208638.0,0.00377237,0.00240817,-0.000832490623224161,-22.06809,-836222.769675557,-22.15765,1000000000.0,1000000000.0,1000000000.0,0.00536663,-45.26539,2024-06-05T20:34:58.318Z,0.00018696,1471.1121,2024-05-30T18:44:41.103Z,,2024-11-15T13:23:48.137Z,2.937746
beebase,bee,BeeBase,https://coin-images.coingecko.com/coins/images/40003/large/logo.png?1725281733,1.39e-05,2919648.0,2520.0,2919648.0,255.57,1.424e-05,1.352e-05,-3.39394082759e-07,-2.38297,-71272.7573793712,-2.38297,210000000000.0,210000000000.0,210000000000.0,2.371e-05,-41.54668,2024-09-02T16:18:58.357Z,9.78e-06,41.75407,2024-10-10T18:36:49.850Z,,2024-11-15T13:21:56.048Z,2.919648
basedmilio,based,Basedmilio,https://coin-images.coingecko.com/coins/images/37685/large/tokenicon.png?1715224333,0.0023597,2407680.0,2666.0,2407680.0,95499.0,0.00241263,0.001674,0.000286,13.79195,333986.0,16.10584,1000000000.0,1000000000.0,1000000000.0,0.01004687,-76.09229,2024-07-15T19:28:45.818Z,0.00046352,418.19896,2024-10-04T00:58:26.173Z,,2024-11-15T13:24:26.706Z,2.40768
poncho,poncho,Poncho,https://coin-images.coingecko.com/coins/images/36160/large/ponchologo.PNG?1710744293,0.248293,2396097.0,2670.0,2396097.0,52564.0,0.243765,0.167916,0.04871496,24.40893,397635.0,19.89704,10000000.0,10000000.0,10000000.0,1.96,-87.63408,2024-03-26T10:08:50.455Z,0.03280038,640.32894,2024-08-05T01:16:47.392Z,,2024-11-15T13:24:25.619Z,2.396097
null-matrix,null,NULL MATRIX,https://coin-images.coingecko.com/coins/images/51086/large/PFP1_%281%29.jpg?1731565014,232.42,2237760.0,2733.0,2237760.0,399312.0,233.25,145.32,51.83,28.70183,504265.0,29.08951,9614.369661363371,9614.369661363371,10000.0,387.03,-40.15212,2024-10-27T13:10:52.071Z,134.98,71.59865,2024-11-05T20:56:30.598Z,,2024-11-15T13:23:51.187Z,2.23776
sumi,sumi,SUMI,https://coin-images.coingecko.com/coins/images/51253/large/SUMI.jpg?1730477794,0.0020603,2043500.0,2801.0,2043500.0,93561.0,0.00231699,0.00104205,0.00100666,95.54194,998456.0,95.54194,991847227.700521,991847227.700521,991847227.0,0.00231699,-11.07867,2024-11-15T03:40:38.951Z,0.00053215,287.16719,2024-11-09T18:08:42.282Z,,2024-11-15T12:52:56.670Z,2.0435
this-is-my-iguana,timi,This Is My Iguana,https://coin-images.coingecko.com/coins/images/39361/large/200x200.png?1722464115,0.00181697,1711992.0,2964.0,1711992.0,414851.0,0.00191472,0.00063044,0.00118493,187.47933,1116524.0,187.50352,942225507.7814456,942225507.7814456,1000000000.0,0.00860314,-80.75459,2024-07-27T03:05:18.061Z,0.00013297,1145.13894,2024-10-28T17:28:30.688Z,,2024-11-15T13:21:08.843Z,1.711992
beni,beni,Beni,https://coin-images.coingecko.com/coins/images/36691/large/1000017459.jpg?1712092250,0.00168665,1672612.0,3160.0,1672612.0,70598.0,0.0014058,0.0010078,0.00048552,40.42202,478539.0,40.07616,991677992.4153783,991677992.4153783,1000000000.0,0.00927137,-84.83721,2024-04-21T16:59:09.725Z,0.00039156,259.02219,2024-08-07T18:30:50.869Z,,2024-11-15T13:20:39.066Z,1.672612
woofwork-io,woof,WoofWork.io,https://coin-images.coingecko.com/coins/images/28903/large/WWlogoTransparent_200x200.png?1696527879,0.00019556,1544641.0,3058.0,1544641.0,7066.99,0.00020313,0.00019102,-5.870992795304e-06,-2.91462,-47124.85261883773,-2.96054,7900000000.0,7900000000.0,7900000000.0,0.00420008,-95.34896,2023-02-08T02:15:17.154Z,4.1e-05,376.40579,2024-09-12T02:47:30.684Z,,2024-11-15T13:24:27.249Z,1.544641
tn100x,tn100x,TN100x,https://coin-images.coingecko.com/coins/images/35729/large/patch-transparent-blue.png?1729878068,0.00064603,1522512.0,3070.0,6188048.0,92376.0,0.00071459,0.00061691,-5.6942785496298e-05,-8.10027,-167185.64100084337,-9.89441,2382519553.5543265,9683436313.204268,10000000000.0,0.00583127,-89.04226,2024-05-07T18:57:32.398Z,0.00019674,224.78713,2024-03-14T04:41:38.762Z,,2024-11-15T13:24:58.025Z,6.188048
aethernet,aether,Aethernet,https://coin-images.coingecko.com/coins/images/51065/large/Aether_Farcaster_frame.png?1729943869,0.00145806,1458062.0,3174.0,1458062.0,475390.0,0.00138983,0.00072148,9.949e-05,7.32308,270191.0,22.74579,1000000000.0,1000000000.0,1000000000.0,0.001707,-20.26011,2024-11-14T10:21:49.366Z,0.00019491,598.36467,2024-11-08T10:37:02.285Z,,2024-11-15T13:21:25.234Z,1.458062
goatwifhat,gif,goatwifhat,https://coin-images.coingecko.com/coins/images/37776/large/GIF_logo_200x200.png?1715581191,0.00117603,1177006.0,3310.0,1177006.0,278446.0,0.00140233,0.00041924,0.00070463,149.47468,755589.0,179.29747,1000000000.0,1000000000.0,1000000000.0,0.00152864,-21.09435,2024-06-14T09:33:23.359Z,7.249e-05,1563.93153,2024-10-02T20:19:59.300Z,,2024-11-15T13:24:27.097Z,1.177006
mutatio-flies,flies,MUTATIO,https://coin-images.coingecko.com/coins/images/36752/large/MUTATIO.png?1712218952,2.09,1168509.0,3319.0,1168509.0,16659.79,2.44,2.07,-0.08240429542961003,-3.78691,-45970.26685504452,-3.78518,558777.0,558777.0,1023617.0,14.17,-84.79974,2024-04-14T09:08:15.806Z,0.71461,201.38908,2024-08-05T01:45:48.025Z,,2024-11-15T13:24:28.251Z,1.168509
tadpole,tad,Tadpole,https://coin-images.coingecko.com/coins/images/39783/large/IMG_7927.PNG?1724101375,0.00165522,1142104.0,3352.0,1142104.0,36616.0,0.00188698,0.0015697,-0.000204103474160672,-10.97728,-140831.39717086358,-10.97728,690000000.0,690000000.0,690000000.0,0.00617812,-73.28371,2024-09-02T19:15:42.090Z,0.00034696,375.71837,2024-08-20T16:01:33.406Z,,2024-11-15T13:22:31.427Z,1.142104
landwolf-base,wolf,Landwolf,https://coin-images.coingecko.com/coins/images/36803/large/IMG_8678.jpeg?1712469842,2.71e-09,1137916.0,3358.0,1137916.0,74605.0,3.202e-09,2.485e-09,-3.99105123e-10,-12.83691,-172245.68898544507,-13.1469,420690000000000.0,420690000000000.0,420690000000000.0,2.3732e-08,-88.60219,2024-06-10T03:14:50.920Z,1.049e-09,157.80197,2024-05-14T09:58:00.351Z,,2024-11-15T13:24:58.606Z,1.137916
agent-zero,$wsb,Agent Zero,https://coin-images.coingecko.com/coins/images/51310/large/photo_2024-11-03_07-33-29.jpg?1730643955,0.053994,1133868.0,3369.0,1133868.0,108116.0,0.053491,0.03003795,0.0238775,79.28448,501427.0,79.28448,21000000.0,21000000.0,21000000.0,0.084564,-43.85604,2024-11-04T12:14:02.319Z,0.02422226,96.00718,2024-11-14T07:08:13.363Z,,2024-11-15T13:21:09.589Z,1.133868
tyler,tyler,Tyler,https://coin-images.coingecko.com/coins/images/50734/large/photo_2024-09-23_09-14-08.jpg?1728916087,0.00104173,1019267.0,3482.0,1019267.0,46024.0,0.00101927,0.00079755,0.00015503,17.48415,131381.0,14.797,1000000000.0,1000000000.0,1000000000.0,0.00208736,-55.26018,2024-10-20T14:27:49.645Z,0.00047448,96.82275,2024-10-14T23:21:50.366Z,,2024-11-15T13:24:28.810Z,1.019267
carlo,carlo,Carlo,https://coin-images.coingecko.com/coins/images/37553/large/CARLO_200x200.png?1714752141,0.00090637,905082.0,3538.0,905082.0,45432.0,0.00090508,0.00066093,4.582e-05,5.32493,43601.0,5.06112,1000000000.0,1000000000.0,1000000000.0,0.02020769,-95.62128,2024-06-12T21:26:23.430Z,0.00024013,268.48784,2024-09-19T05:51:49.690Z,,2024-11-15T13:24:28.028Z,0.905082
just-a-black-rock-on-base,rock,Just a Black Rock on Base,https://coin-images.coingecko.com/coins/images/36495/large/photo_2024-04-05_12-19-47.jpg?1712427724,7.299e-05,725057.0,3762.0,725057.0,4032.9,7.289e-05,6.392e-05,5.73e-06,8.52077,52561.0,7.81578,10000000000.0,10000000000.0,10000000000.0,0.0058743,-98.7851,2024-03-29T09:57:55.378Z,3.016e-05,136.66195,2024-09-06T21:01:54.904Z,,2024-11-15T13:24:26.750Z,0.725057
maga-vp,mvp,MAGA VP,https://coin-images.coingecko.com/coins/images/37462/large/1000017296.jpg?1714451792,0.01617263,715827.0,3764.0,769506.0,43065.0,0.01689168,0.01309143,0.00038738,2.45407,3289.91,0.46172,44186532.529903114,47500000.0,47500000.0,0.709196,-97.72674,2024-05-17T13:06:37.603Z,0.01309143,23.14846,2024-11-15T03:09:16.934Z,,2024-11-15T13:24:57.711Z,0.769506
mork-2,mork,MORK,https://coin-images.coingecko.com/coins/images/39675/large/Mork_200_x_200_Circle.png?1723609160,0.00083336,656519.0,3830.0,780689.0,4044.32,0.00086281,0.00071764,0.00010151,13.86973,82027.0,14.27812,787800953.0,936800952.0,999999999.0,0.0047536,-82.46893,2024-08-18T03:00:59.425Z,0.00045353,83.74851,2024-09-13T15:36:08.179Z,,2024-11-15T12:53:53.640Z,0.780689
workie,workie,Workie,https://coin-images.coingecko.com/coins/images/38774/large/Pfp2_%281%29.png?1724903016,0.00063973,640274.0,3846.0,640274.0,27405.0,0.00067633,0.00055666,-3.6605971655835e-05,-5.41243,-37061.531063796254,-5.47166,1000000000.0,1000000000.0,1000000000.0,0.00249403,-74.31435,2024-06-20T15:46:32.794Z,7.825e-05,718.65647,2024-07-29T10:15:15.863Z,,2024-11-15T13:22:07.567Z,0.640274
wild-goat-coin-2,wgc,Wild Goat Coin,https://coin-images.coingecko.com/coins/images/37966/large/COIN_200x200.png?1716778831,8.742e-05,606795.0,3885.0,606795.0,9362.25,9.203e-05,8.543e-05,-3.561960066215e-06,-3.91508,-24951.951288301498,-3.94968,6942000000.0,6942000000.0,6942000000.0,0.00011857,-26.24078,2024-10-20T20:00:32.304Z,5.64e-06,1451.75965,2024-09-16T05:00:42.636Z,,2024-11-15T13:24:31.026Z,0.606795
wagmi-3,wagmi,WAGMI,https://coin-images.coingecko.com/coins/images/37576/large/Logo_2.png?1714957412,0.00065262,587357.0,3894.0,587357.0,22759.0,0.000665,0.0004783,0.00014514,28.59955,130108.0,28.45448,900000000.0,900000000.0,900000000.0,0.00243471,-73.24079,2024-07-04T00:58:17.309Z,6.707e-05,871.38235,2024-10-23T18:22:35.063Z,,2024-11-15T13:23:23.100Z,0.587357
corgi,corgi,Corgi,https://coin-images.coingecko.com/coins/images/36929/large/corgi_-_200x200.png?1712803178,0.00050831,508306.0,4046.0,508306.0,2413.88,0.00052326,0.00049378,-1.4957866511347e-05,-2.85857,-8765.063084746362,-1.69514,1000000000.0,1000000000.0,1000000000.0,0.00157901,-67.8085,2024-04-22T12:43:51.172Z,0.00011247,351.95845,2024-08-05T01:20:22.992Z,,2024-11-15T13:07:41.336Z,0.508306
based-lambow,lambow,Based Lambow,https://coin-images.coingecko.com/coins/images/38690/large/new-logo.jpg?1731187032,0.00047078,470783.0,4118.0,470783.0,27688.0,0.00058693,0.00046967,-5.4129632256419e-05,-10.31213,-54129.632256419456,-10.31213,1000000000.0,1000000000.0,1000000000.0,0.00244486,-80.74397,2024-06-23T18:00:01.155Z,0.0001382,240.65794,2024-08-27T13:12:36.679Z,,2024-11-15T13:05:58.014Z,0.470783
sandwich-cat,saca,Sandwich Cat,https://coin-images.coingecko.com/coins/images/36876/large/200x200_%281%29.png?1712646447,0.00044624,435283.0,4189.0,435283.0,10095.68,0.00047446,0.00043499,-2.3294911082518e-05,-4.96128,-22967.408024632314,-5.01198,975045626.985454,975045626.985454,1000000000.0,0.00180166,-75.24839,2024-04-25T08:12:56.317Z,3.762e-05,1085.43026,2024-04-18T06:52:41.727Z,,2024-11-15T13:23:46.530Z,0.435283
brian,brian,Brian,https://coin-images.coingecko.com/coins/images/51099/large/Brian_Arm_Strong.png?1730083824,0.00043648,424275.0,4215.0,424275.0,32342.0,0.00052592,0.00035185,-6.573396322123e-05,-13.08871,-63895.126559105236,-13.08871,972026079.487458,972026079.487458,1000000000.0,0.00057635,-25.03946,2024-11-12T01:15:50.537Z,0.00029079,48.57182,2024-11-03T01:54:01.676Z,,2024-11-15T13:22:10.311Z,0.424275
boshi,boshi,Boshi,https://coin-images.coingecko.com/coins/images/37222/large/boshi.jpeg?1713775901,0.00042509,418710.0,4224.0,418710.0,11169.96,0.00047052,0.00040252,-2.5038221076581e-05,-5.56251,-25183.211809434113,-5.67326,984998976.83,984998976.83,1000000000.0,0.00640556,-93.42686,2024-06-02T15:44:55.975Z,0.00022376,88.16505,2024-09-20T03:25:38.355Z,,2024-11-15T13:23:47.872Z,0.41871
alf,alf,ALF,https://coin-images.coingecko.com/coins/images/38867/large/alf200.png?1719283344,3.96e-06,396153.0,4273.0,396153.0,35836.0,5.01e-06,3.63e-06,-1.038104695308e-06,-20.76361,-101774.7649538375,-20.43967,100000000000.0,100000000000.0,100000000000.0,6.33e-05,-94.26915,2024-07-21T17:16:20.889Z,2.17e-06,67.20632,2024-08-25T14:19:05.192Z,,2024-11-15T13:10:25.078Z,0.396153
blockchainpeople,bcp,BlockChainPeople,https://coin-images.coingecko.com/coins/images/38085/large/200x200.png?1716477512,0.01663702,349377.0,4379.0,349377.0,18380.02,0.01692441,0.01547532,-0.000115170908984275,-0.6875,-2884.0094332644367,-0.81871,21000000.0,21000000.0,21000000.0,40.42,-99.95922,2024-06-03T13:51:45.506Z,0.01295531,27.21962,2024-09-18T17:52:20.181Z,,2024-11-15T13:23:34.903Z,0.349377
fomo-bull-club,fomo,FOMO BULL CLUB,https://coin-images.coingecko.com/coins/images/37070/large/IMG_20240415_091508_928_%281%29.jpg?1713379565,6.18e-06,300509.0,4506.0,607582.0,3028.34,6.43e-06,5.69e-06,4.8949e-07,8.60003,18944.81,6.72842,49459791207.7274,100000000000.0,100000000000.0,0.00020892,-97.09185,2024-04-16T04:10:43.361Z,4.99e-06,21.65902,2024-11-08T21:55:41.248Z,,2024-11-15T13:24:20.118Z,0.607582
benji-bananas,tybeng,TYBENG,https://coin-images.coingecko.com/coins/images/31022/large/NVoa_mZ6_400x400.jpg?1721805735,0.00017227,283035.0,4582.0,354876.0,4233419.0,0.0001785,0.00016849,1.26e-06,0.7366,1221.08,0.43329,1642974778.02,2060000000.0,2060000000.0,0.01557954,-98.88482,2024-06-08T10:36:34.043Z,0.00014657,18.54062,2024-09-16T06:47:02.698Z,,2024-11-15T13:22:55.852Z,0.354876
berf,berf,BERF,https://coin-images.coingecko.com/coins/images/38169/large/1000374533.png?1719434549,0.0006723,281967.0,4583.0,281967.0,2408.18,0.00072937,0.0006617,-4.3500950716313e-05,-6.07722,-18671.0181810559,-6.21047,420000000.0,420000000.0,420000000.0,0.02191655,-96.96104,2024-06-23T07:23:04.057Z,0.00051624,29.01631,2024-11-04T21:55:16.846Z,,2024-11-15T13:24:28.666Z,0.281967
anime-base,anime,Anime,https://coin-images.coingecko.com/coins/images/36565/large/coingecko_200_logo.png?1714274913,0.00021285,212845.0,4804.0,212845.0,8219.17,0.00021333,0.00018534,1.532e-05,7.75627,15320.55,7.75627,1000000000.0,1000000000.0,1000000000.0,0.01740453,-98.78044,2024-04-01T01:48:06.243Z,0.00015358,38.20817,2024-10-31T14:05:40.513Z,,2024-11-15T13:23:22.729Z,0.212845
marvin-on-base,mob,Marvin On Base,https://coin-images.coingecko.com/coins/images/38960/large/Marvin_200.png?1719692064,1.35858e-07,203787.0,4843.0,203787.0,1855.52,1.53797e-07,1.30867e-07,-1.7647554664e-08,-11.49635,-25472.472967849055,-11.11075,1500000000000.0,1500000000000.0,1500000000000.0,5.48e-06,-97.51948,2024-06-30T09:31:12.454Z,1.5208e-08,793.34686,2024-08-05T07:01:08.751Z,,2024-11-15T13:06:56.123Z,0.203787
sonicsoda,$soda,SonicSoda,https://coin-images.coingecko.com/coins/images/50918/large/IMG_6641.jpeg?1729580485,1.45892e-07,145892.0,5102.0,145892.0,3507.01,1.61952e-07,1.3311e-07,1.202e-09,0.83098,1187.12,0.82037,1000000000000.0,1000000000000.0,,3.24816e-07,-55.48059,2024-10-22T09:12:31.985Z,1.14562e-07,26.22502,2024-11-13T19:44:59.584Z,,2024-11-15T13:22:33.419Z,0.145892
catson,cat,Catson,https://coin-images.coingecko.com/coins/images/39313/large/Sp7.png?1721706297,0.00030976,133498.0,5170.0,133498.0,11091.22,0.00039398,0.00030575,-2.2018493441389e-05,-6.63657,-9489.481138979463,-6.63657,430977767.13195574,430977767.13195574,1000000000.0,0.00270459,-88.69503,2024-07-27T05:24:20.682Z,0.00012105,152.58987,2024-08-28T02:55:28.759Z,,2024-11-15T13:14:02.441Z,0.133498
cat-on-catnip,nippy,Cat On Catnip,https://coin-images.coingecko.com/coins/images/37516/large/Catnip8_1.png?1714631259,3.173e-05,133267.0,5171.0,133267.0,131.62,3.264e-05,3.115e-05,-8.37343263502e-07,-2.57109,-3516.8417067077826,-2.57109,4200000000.0,4200000000.0,4200000000.0,0.00144383,-97.80236,2024-05-09T02:22:50.700Z,2.013e-05,57.62659,2024-05-14T19:57:54.463Z,,2024-11-15T12:51:11.826Z,0.133267
moby-2,moby,MOBY,https://coin-images.coingecko.com/coins/images/38988/large/moby-icon_%281%29.png?1719807217,1.166e-05,116729.0,5272.0,116729.0,1990.62,1.265e-05,1.124e-05,-9.79058767388e-07,-7.74589,-9668.257378781898,-7.64911,10000000000.0,10000000000.0,10000000000.0,0.00041011,-97.17095,2024-07-22T16:12:06.810Z,1.124e-05,3.18009,2024-11-15T08:15:17.944Z,,2024-11-15T13:23:24.209Z,0.116729
goodle,$goodle,Goodle,https://coin-images.coingecko.com/coins/images/39688/large/Screenshot_2024-07-26_at_5.38.55_PM-removebg-preview.png?1723660779,1.16e-06,90428.0,5438.0,115535.0,142233.0,1.2e-06,1.15e-06,-4.2432438629e-08,-3.54267,-2849.0107120262546,-3.05436,78269148015.0,100000000000.0,100000000000.0,1.501e-05,-92.31252,2024-11-09T02:00:57.842Z,1.14e-06,0.87845,2024-11-05T20:00:12.227Z,,2024-11-15T13:24:07.237Z,0.115535
based-beast-coin,beast,Based Beast Coin,https://coin-images.coingecko.com/coins/images/51121/large/IMG_7914.png?1730164559,0.0087201,87201.0,5464.0,87201.0,16711.22,0.01266844,0.00783845,-0.003948342341202595,-31.16676,-39483.42341202595,-31.16676,10000000.0,10000000.0,10000000.0,0.064913,-86.86871,2024-10-29T19:26:48.349Z,0.00783845,8.74479,2024-11-15T06:47:32.941Z,,2024-11-15T13:10:20.767Z,0.087201
cow,cow,Cow,https://coin-images.coingecko.com/coins/images/39745/large/CrashCowLogo200p.png?1723781632,6.818e-05,66462.0,5652.0,66462.0,3414.35,7.174e-05,6.334e-05,-2.458945740797e-06,-3.48108,-2397.0390276040707,-3.48108,974823879.939158,974823879.939158,1000000000.0,0.00048949,-86.07138,2024-08-18T07:50:26.076Z,4.322e-05,57.75185,2024-10-29T00:39:54.479Z,,2024-11-15T12:55:51.436Z,0.066462
gibape,gib,Gibape,https://coin-images.coingecko.com/coins/images/37691/large/gib_ape_logo.jpeg?1715650189,6.861e-05,58273.0,5736.0,58273.0,3221.7,7.269e-05,5.588e-05,1.273e-05,22.79088,10461.16,21.88003,852686840.2876679,852686840.2876679,1000000000.0,0.00060657,-88.73343,2024-06-04T22:10:36.471Z,1.911e-05,257.6754,2024-10-02T13:06:37.224Z,,2024-11-15T13:24:13.688Z,0.058273
just-a-rock,rocco,Just a Rock,https://coin-images.coingecko.com/coins/images/38025/large/Photoroom-20240429_170643_%281%29.png?1716317301,5.722e-05,57221.0,5750.0,57221.0,1634.05,,,,,,,1000000000.0,1000000000.0,1000000000.0,0.00291505,-98.03706,2024-06-06T04:42:44.305Z,5.676e-05,0.81436,2024-08-29T02:01:26.121Z,,2024-08-29T08:31:53.038Z,0.057221
blue-guy,blue,Blue Guy,https://coin-images.coingecko.com/coins/images/39645/large/IMG_20240810_073513_639.png?1723412054,4.954e-05,49540.0,5830.0,49540.0,1999.06,5.441e-05,4.525e-05,2e-06,4.20677,1832.88,3.84195,1000000000.0,1000000000.0,1000000000.0,0.00066792,-92.58302,2024-08-11T21:37:36.635Z,1.061e-05,366.83119,2024-10-16T01:12:06.100Z,,2024-11-15T13:08:52.877Z,0.04954
pacato,pacato,Pacato,https://coin-images.coingecko.com/coins/images/50678/large/PACATO_200.jpg?1728701090,1.08532e-07,45658.0,5886.0,45658.0,7536.47,1.51477e-07,1.08391e-07,-3.169152078e-09,-2.83716,-1246.2477838327686,-2.65698,420690000000.0,420690000000.0,420690000000.0,1.45e-06,-92.50874,2024-10-12T06:01:28.120Z,3.2704e-08,231.42641,2024-10-17T11:46:11.082Z,,2024-11-15T13:13:25.152Z,0.045658
animated,am,Animated,https://coin-images.coingecko.com/coins/images/37820/large/240509_am_coin_transp.png?1715660615,4.453e-05,44532.0,5909.0,44532.0,12162.58,0.00010652,4.258e-05,-6.198964265399e-05,-58.19428,-62132.56365152011,-58.25029,1000000000.0,1000000000.0,1000000000.0,0.00062621,-92.88013,2024-05-19T20:55:04.344Z,1.156e-05,285.82273,2024-11-04T22:01:50.273Z,,2024-11-15T13:22:09.706Z,0.044532
moon-inu,moon,MOON INU,https://coin-images.coingecko.com/coins/images/36493/large/moon-200.png?1711612557,5.56065e-10,38255.0,6014.0,38642.0,1698.22,5.6075e-10,3.84659e-10,1.59432e-10,40.19654,11003.08,40.37479,68725799999999.0,69420000000000.0,69420000000000.0,1.89765e-07,-99.70749,2024-03-31T16:11:47.942Z,1.2084e-10,359.35775,2024-07-19T16:55:46.255Z,,2024-11-15T13:22:47.557Z,0.038642
farcaster-flower,flower,Farcaster Flower,https://coin-images.coingecko.com/coins/images/38726/large/200_200.png?1718745253,2.851e-05,28564.0,6152.0,28564.0,759.21,3.08e-05,2.709e-05,-2.29314054251e-06,-7.44492,-2239.0333386318525,-7.26892,1000000000.0,1000000000.0,1000000000.0,0.00028822,-90.0972,2024-06-20T05:27:20.137Z,9.01e-06,216.95638,2024-09-06T21:26:05.205Z,,2024-11-15T13:22:10.151Z,0.028564
roxy-frog,roxy,ROXY FROG,https://coin-images.coingecko.com/coins/images/38170/large/ROXY.jpg?1716703909,2.72e-06,23015.0,6221.0,23015.0,2625.89,3e-06,2.61e-06,-2.28163127565e-07,-7.74181,-1931.2937425461823,-7.74181,8464530457.460582,8464530457.460582,10000000000.0,0.00022997,-98.81768,2024-06-06T04:46:13.507Z,1.54e-06,76.93571,2024-09-05T09:01:27.432Z,,2024-11-15T12:53:35.305Z,0.023015
nomad,nom,Nomad,https://coin-images.coingecko.com/coins/images/37872/large/NOM_LOGO.jpeg?1715829131,1.675e-05,16779.07,6330.0,16779.07,651.26,1.887e-05,1.678e-05,-2.025968023219e-06,-10.79225,-1993.360874812548,-10.61856,1000000000.0,1000000000.0,1000000000.0,0.00035289,-94.924,2024-05-29T22:12:28.581Z,8.93e-06,100.68978,2024-11-04T22:01:53.565Z,,2024-11-15T13:22:09.175Z,0.01677907
based-bario,bario,Based Bario,https://coin-images.coingecko.com/coins/images/50719/large/bario.jpg?1728803763,0.00069015,0.0,,691134.0,160429.0,0.00081293,0.00068193,-0.000122777881149691,-15.10317,0.0,0.0,0.0,1000000000.0,1000000000.0,0.00091985,-25.65084,2024-11-13T03:19:01.801Z,0.00024552,178.54619,2024-10-31T05:49:07.030Z,,2024-11-15T13:24:07.760Z,0.691134
based-2,based,BASED,https://coin-images.coingecko.com/coins/images/39669/large/BASED.jpg?1723603780,1.169e-05,0.0,,879186.0,488800.0,1.273e-05,9.99e-06,-9.80554771566e-07,-7.73921,0.0,0.0,0.0,75273150000.0,75273150000.0,0.00014093,-91.76242,2024-08-14T03:30:39.674Z,5.5e-06,111.05729,2024-09-23T10:13:44.919Z,,2024-11-15T13:24:28.753Z,0.879186
moew,moew,MOEW,https://coin-images.coingecko.com/coins/images/36737/large/MOEW.jpeg?1712210114,0.00058349,0.0,,5816841.0,2260667.0,0.00065978,0.00050857,8.9e-06,1.54827,0.0,0.0,0.0,10000000000.0,10000000000.0,0.00222115,-74.06263,2024-04-06T16:59:46.421Z,0.00033024,74.44875,2024-05-01T08:26:50.616Z,,2024-11-15T13:23:09.837Z,5.816841
monkey-peepo,bananas,Monkey Peepo,https://coin-images.coingecko.com/coins/images/37036/large/logo-mp.png?1713160745,4.325e-05,0.0,,43253.0,600.22,4.636e-05,4.265e-05,-3.018703500464e-06,-6.52382,0.0,0.0,0.0,1000000000.0,1000000000.0,0.00492246,-99.12131,2024-04-15T11:07:23.063Z,1.512e-05,185.99324,2024-08-05T13:01:58.474Z,,2024-11-15T13:07:42.325Z,0.043253
mooncats-on-base,mooncats,Mooncats on Base,https://coin-images.coingecko.com/coins/images/36766/large/mooncats.png?1712283962,0.00037401,0.0,,374014.0,11.59,0.00038462,0.00036293,-9.168090615316e-06,-2.39262,0.0,0.0,0.0,1000000000.0,1000000000.0,0.00199602,-81.26198,2024-04-05T02:31:53.328Z,0.00025979,43.96734,2024-09-06T21:01:54.976Z,,2024-11-15T12:02:02.792Z,0.374014
elephantpepe,elepepe,ElephantPepe,https://coin-images.coingecko.com/coins/images/36507/large/coingecko-elepepe.png?1711643850,5.65e-06,0.0,,5646.38,8.21,5.7e-06,5.49e-06,3.2376e-08,0.5767,0.0,0.0,0.0,1000000000.0,1000000000.0,0.00117593,-99.51984,2024-04-13T06:47:32.313Z,4.1e-06,37.58043,2024-09-16T21:01:07.138Z,,2024-11-15T12:56:37.255Z,0.00564638
edison-bored,bored,BORED,https://coin-images.coingecko.com/coins/images/37050/large/bored.jpeg?1713340233,0.00096765,0.0,,3039954.0,147576.0,0.00099591,0.00095006,-2.8257773584723e-05,-2.8374,0.0,0.0,0.0,3141592653.0,3141592653.0,0.0040768,-76.30577,2024-04-15T13:00:42.082Z,0.00076978,25.48634,2024-11-04T21:57:14.116Z,,2024-11-15T13:24:22.182Z,3.039954
noggles,nogs,Noggles,https://coin-images.coingecko.com/coins/images/37238/large/nogs.jpeg?1713851209,2.055e-05,0.0,,1415928.0,58392.0,2.061e-05,2.039e-05,8.2949e-08,0.40535,0.0,0.0,0.0,68999999997.0,,0.00035712,-94.27273,2024-04-23T10:35:44.943Z,1.605e-05,27.44478,2024-11-06T06:55:06.852Z,,2024-11-15T13:23:34.798Z,1.415928
bald-dog,baldo,Bald Dog,https://coin-images.coingecko.com/coins/images/36287/large/0xD2FAA0cAeE8421959aa13Fbd20A7ed7e93702FFE.png?1711008902,0.00074711,0.0,,7471.07,117.54,0.00069479,0.00064267,9.598e-05,14.74052,0.0,0.0,0.0,10000000.0,10000000.0,0.173578,-99.60123,2024-03-26T08:09:45.570Z,0.00064267,7.70386,2024-11-14T15:34:37.887Z,,2024-11-15T13:20:37.751Z,0.00747107
normus,normus,Normus,https://coin-images.coingecko.com/coins/images/38595/large/token-removebg-preview_%281%29.png?1718094574,7.39e-05,0.0,,73795.0,1538.29,7.746e-05,7.013e-05,-1.895652362025e-06,-2.501,0.0,0.0,0.0,1000000000.0,1000000000.0,0.00839891,-99.12174,2024-06-22T21:13:56.000Z,1.997e-05,269.30525,2024-09-11T15:10:31.968Z,,2024-11-15T13:24:26.700Z,0.073795
basic-dog-meme,dog,Basic Dog Meme,https://coin-images.coingecko.com/coins/images/33749/large/Round_Logo.png?1703245893,0.00030701,0.0,,307014.0,18298.58,0.00031496,0.00029367,-4.073294758718e-06,-1.30937,0.0,0.0,0.0,1000000000.0,1000000000.0,0.00824389,-96.29519,2024-03-08T09:51:58.454Z,0.00029367,3.99967,2024-11-15T08:15:26.374Z,,2024-11-15T13:23:20.592Z,0.307014
okayeg,okayeg,Okayeg,https://coin-images.coingecko.com/coins/images/37748/large/Okayeg_200.png?1715442444,1.658e-05,0.0,,6980607.0,527139.0,1.792e-05,1.346e-05,-1.065088238087e-06,-6.03777,0.0,0.0,0.0,420690000000.0,420690000000.0,5.614e-05,-70.21934,2024-05-21T23:47:09.975Z,7.32179e-07,2183.50979,2024-09-16T17:43:53.013Z,,2024-11-15T13:24:27.267Z,6.980607
pola,pola,Pola On Base,https://coin-images.coingecko.com/coins/images/37314/large/pola.jpg?1713971028,0.0001058,0.0,,102509.0,2345.36,0.00010907,9.191e-05,-3.126284005796e-06,-2.87008,0.0,0.0,0.0,1000000000.0,1000000000.0,0.00906813,-98.85335,2024-05-04T11:28:47.343Z,4.578e-05,127.11412,2024-10-11T18:32:07.337Z,,2024-11-15T13:24:27.315Z,0.102509
degen-pov-2,pov,Degen POV,https://coin-images.coingecko.com/coins/images/37921/large/degen.jpeg?1715936621,5.0141e-08,0.0,,50239.0,1409.75,5.0239e-08,4.3177e-08,9.29451e-10,1.88869,0.0,0.0,0.0,1000000000000.0,1000000000000.0,1.6e-06,-96.86713,2024-06-06T14:04:51.563Z,2.0781e-08,141.57447,2024-08-05T13:29:33.781Z,,2024-11-15T13:22:09.661Z,0.050239
poopcoin-poop,poop,Poopcoin,https://coin-images.coingecko.com/coins/images/36549/large/poopcoin.png?1711876394,0.00116407,0.0,,1163870.0,472206.0,0.00228791,0.00116387,-0.000104381724313692,-8.22906,0.0,0.0,0.0,1000000000.0,1000000000.0,0.01885904,-93.12994,2024-03-31T10:49:43.024Z,8.658e-05,1396.39618,2024-08-16T14:48:10.808Z,,2024-11-15T13:24:26.523Z,1.16387
rocky-on-base,$rocky,ROCKY,https://coin-images.coingecko.com/coins/images/37465/large/rocky3.png?1714454996,0.00059371,0.0,,593680.0,10338.48,0.00062305,0.00056875,-2.6100879340164e-05,-4.21111,0.0,0.0,0.0,1000000000.0,,0.064156,-99.07529,2024-05-04T00:16:29.306Z,0.00028686,106.81125,2024-11-04T21:57:12.120Z,,2024-11-15T13:23:35.794Z,0.59368
roost,roost,Roost,https://coin-images.coingecko.com/coins/images/36458/large/roost.jpeg?1711493580,0.00252871,0.0,,2540329.0,126088.0,0.00254033,0.00213844,0.00021052,9.08125,0.0,0.0,0.0,1000000000.0,1000000000.0,0.131903,-98.09081,2024-03-27T09:23:42.994Z,0.00072595,246.89487,2024-05-22T09:51:09.213Z,,2024-11-15T13:22:59.224Z,2.540329
crypto-journey,daddy,Crypto Journey,https://coin-images.coingecko.com/coins/images/38388/large/_daddy_%282%29.png?1717417360,0.336036,0.0,,336036.0,4844.04,0.343274,0.305665,-0.005127733579746997,-1.50301,0.0,0.0,0.0,1000000.0,1000000.0,8.35,-96.00912,2024-06-14T04:09:37.994Z,0.128189,160.10657,2024-10-23T22:27:26.053Z,,2024-11-15T13:10:16.201Z,0.336036
baby-brett-on-base,bbrett,Baby Brett on Base,https://coin-images.coingecko.com/coins/images/38887/large/200x200.png?1719380024,0.00723288,0.0,,718643.0,18428.0,0.0074518,0.0071393,8.724e-05,1.22082,0.0,0.0,0.0,100000000.0,100000000.0,0.03288803,-78.1938,2024-06-27T17:30:39.620Z,0.00183441,290.94992,2024-08-05T19:21:18.588Z,,2024-11-15T13:24:36.616Z,0.718643
aped-3,aped,Aped,https://coin-images.coingecko.com/coins/images/37802/large/aped.jpeg?1715590971,0.00394406,0.0,,394406.0,3713.14,0.00415433,0.00386622,-0.00018646997590769,-4.51443,0.0,0.0,0.0,100000000.0,100000000.0,0.01933036,-79.57539,2024-10-15T06:04:04.444Z,0.00273812,44.19209,2024-09-12T08:23:13.393Z,,2024-11-15T13:23:25.423Z,0.394406
coding-dino,dino,Coding Dino,https://coin-images.coingecko.com/coins/images/36637/large/dino_icon_copy.png?1712029544,5.829e-05,0.0,,582864.0,596924.0,5.985e-05,5.672e-05,-1.490053083473e-06,-2.49271,0.0,0.0,0.0,10000000000.0,20000000000.0,0.00093491,-93.78117,2024-04-02T07:52:53.562Z,4.7e-05,23.70533,2024-11-04T22:02:37.331Z,,2024-11-15T13:24:09.630Z,0.582864
chuck,chuck,Chuck,https://coin-images.coingecko.com/coins/images/37468/large/1000030138.jpg?1714457112,0.00514787,0.0,,4967692.0,298594.0,0.00507495,0.00263255,0.00238056,86.02456,0.0,0.0,0.0,964999999.0,964999999.0,0.03322613,-84.50657,2024-05-10T06:20:34.936Z,0.00160808,220.12599,2024-10-13T06:01:50.160Z,,2024-11-15T12:57:58.350Z,4.967692
betterbelong,long,LONG,https://coin-images.coingecko.com/coins/images/36888/large/coin9.png?1712652624,190.18,0.0,,1899131.0,351.21,195.5,181.44,-5.0538882851079165,-2.58859,0.0,0.0,0.0,10000.0,10000.0,2147.75,-91.17024,2024-04-12T10:17:25.978Z,146.4,29.53937,2024-11-04T21:51:18.483Z,,2024-11-15T13:24:28.270Z,1.899131
boe,boe,Boe,https://coin-images.coingecko.com/coins/images/36712/large/79jlrE4M_400x400_%282%29.jpg?1712127456,0.00011107,0.0,,111074.0,2045.5,0.0001124,0.00010587,-1.120841226686e-06,-0.99902,0.0,0.0,0.0,1000000000.0,1000000000.0,0.00390635,-97.20494,2024-05-09T08:48:25.445Z,3.326e-05,228.27758,2024-04-21T09:45:05.840Z,,2024-11-15T13:20:39.381Z,0.111074
treeplanting,tree,/treeplanting,https://coin-images.coingecko.com/coins/images/38145/large/esdotge_phi_logo_dark.jpeg?1720993602,3.455e-05,0.0,,34586.0,26.68,3.631e-05,3.365e-05,-1.733765346338e-06,-4.77868,0.0,0.0,0.0,1000000000.0,,0.00015634,-77.90972,2024-07-24T02:25:23.843Z,1.224e-05,182.07343,2024-07-05T05:01:26.785Z,,2024-11-15T13:23:49.015Z,0.034586
united-base-postal,ubps,United Base Postal,https://coin-images.coingecko.com/coins/images/37638/large/Logo-2-Dex-Tools.png?1715105556,0.00025601,0.0,,25601.0,1338.2,0.00031715,0.00024338,-6.0526512279124e-05,-19.12121,0.0,0.0,0.0,100000000.0,100000000.0,0.01447609,-98.23146,2024-05-21T17:43:56.563Z,8.696e-05,194.41124,2024-08-19T11:46:14.258Z,,2024-11-15T13:07:45.397Z,0.025601
buttman,butt,Buttman,https://coin-images.coingecko.com/coins/images/36326/large/kqDFdKtJ_400x400.jpeg?1711097504,0.00023516,0.0,,235156.0,3999.8,0.00025735,0.00023407,-2.1471803461694e-05,-8.36689,0.0,0.0,0.0,1000000000.0,1000000000.0,0.00532792,-95.6049,2024-03-25T00:36:06.715Z,5.709e-05,310.19751,2024-09-16T03:00:49.328Z,,2024-11-15T13:22:15.040Z,0.235156
weirdo,weirdo,Weirdo [OLD],https://coin-images.coingecko.com/coins/images/36290/large/iQ4T0Un__400x400.jpg?1714006579,0.02363527,0.0,,23635.0,375.5,0.02364025,0.02235914,0.00121809,5.43372,0.0,0.0,0.0,1000000.0,,8.82,-99.73212,2024-04-09T00:36:59.709Z,0.01077199,119.41412,2024-09-08T21:26:53.118Z,,2024-11-15T13:06:45.683Z,0.023635
broge,broge,Broge,https://coin-images.coingecko.com/coins/images/36297/large/coingecko-logo.png?1717948949,1.50212e-10,0.0,,103642.0,2052.38,1.50525e-10,1.22608e-10,1.8711e-11,14.22912,0.0,0.0,0.0,690420000000000.0,690420000000000.0,2.412e-09,-93.7697,2024-03-26T06:16:35.218Z,7.474e-11,101.09996,2024-11-04T13:37:37.988Z,,2024-11-15T13:24:58.560Z,0.103642
bird-dog-on-base,birddog,Bird Dog on Base,https://coin-images.coingecko.com/coins/images/38437/large/birddog_logo_sticker_200x200_final_%281%29.png?1719953537,0.00046751,0.0,,467512.0,10259.44,0.00045134,0.00038101,4.592e-05,10.89265,0.0,0.0,0.0,1000000000.0,1000000000.0,0.00540852,-91.65505,2024-06-09T07:03:56.397Z,0.0002018,123.65509,2024-09-13T07:00:44.901Z,,2024-11-15T13:20:37.399Z,0.467512
brett-2-0,brett2.0,Brett 2.0,https://coin-images.coingecko.com/coins/images/37121/large/brett200-modified.png?1713366621,0.00038672,0.0,,386718.0,18174.26,0.00030851,0.00021579,0.00015189,64.68161,0.0,0.0,0.0,1000000000.0,1000000000.0,0.0045983,-91.58998,2024-05-03T21:32:11.502Z,4.496e-05,760.05225,2024-08-28T22:28:47.422Z,,2024-11-15T13:07:42.204Z,0.386718
bolt-on-base,bolt,BOLT on Base,https://coin-images.coingecko.com/coins/images/38449/large/wwwww.png?1717557162,0.00139841,0.0,,1335981.0,110820.0,0.00153796,0.00084768,0.00026297,23.1597,0.0,0.0,0.0,955358260.328856,1000000000.0,0.02438675,-94.17775,2024-06-09T11:05:01.197Z,0.00033723,321.03281,2024-09-04T01:22:33.077Z,,2024-11-15T13:22:10.493Z,1.335981
based-shiba-inu,bshib,Based Shiba Inu,https://coin-images.coingecko.com/coins/images/36092/large/logocg.png?1710478223,5.64e-05,0.0,,563265.0,112682.0,8.885e-05,3.389e-05,-3.1010499077354e-05,-35.4765,0.0,0.0,0.0,10000000000.0,,0.00206227,-97.17849,2024-03-21T03:48:55.296Z,1.688e-05,244.70328,2024-09-06T15:20:43.973Z,,2024-11-15T13:24:26.466Z,0.563265
gamestop-2,gme,GME (Base),https://coin-images.coingecko.com/coins/images/37229/large/gamestop.jpeg?1713780481,0.00587561,0.0,,588294.0,25790.0,0.00751266,0.00541005,-0.001338010211607477,-18.54838,0.0,0.0,0.0,100000000.0,100000000.0,0.063175,-90.6958,2024-06-07T08:10:02.345Z,0.00280187,109.78605,2024-08-05T04:04:27.694Z,,2024-11-15T13:25:00.818Z,0.588294
fungi,fungi,Fungi,https://coin-images.coingecko.com/coins/images/36690/large/image_2024-03-29_20-10-19_%282%29_%283%29.png?1712091884,0.0356275,0.0,,7542732.0,269575.0,0.03844543,0.0322719,0.00062348,1.78117,0.0,0.0,0.0,210000000.0,210000000.0,0.094004,-60.88674,2024-04-05T20:43:38.507Z,0.00188591,1849.61267,2024-08-05T11:45:52.224Z,,2024-11-15T13:24:26.754Z,7.542732
keren,keren,Keren,https://coin-images.coingecko.com/coins/images/37424/large/200200.png?1714377875,0.00019247,0.0,,192848.0,2636.69,0.00020014,0.00017055,-7.665449054789e-06,-3.83008,0.0,0.0,0.0,1000000000.0,1000000000.0,0.00158408,-87.83519,2024-05-26T20:07:43.300Z,2.368e-05,713.69552,2024-09-12T05:54:34.086Z,,2024-11-15T13:22:09.659Z,0.192848
based-usa,usa,Based USA,https://coin-images.coingecko.com/coins/images/37981/large/BASE_USA_200px.png?1716203776,0.00071616,0.0,,689087.0,44375.0,0.0007447,0.00061508,5.552e-05,8.40476,0.0,0.0,0.0,962200759.0,962200757.0,0.01342781,-94.66662,2024-05-22T23:33:32.285Z,0.00025835,177.20105,2024-08-19T11:31:11.448Z,,2024-11-15T13:06:39.400Z,0.689087
law-of-attraction,loa,Law of Attraction,https://coin-images.coingecko.com/coins/images/38008/large/1.png?1716270777,0.00798385,0.0,,798385.0,7738.4,0.00838558,0.00776887,-8.6339330114408e-05,-1.06986,0.0,0.0,0.0,100000000.0,100000000.0,0.145494,-94.55459,2024-05-24T06:09:00.684Z,0.00330512,139.71171,2024-08-07T23:42:26.118Z,,2024-11-15T13:09:24.348Z,0.798385
le-bleu-elefant,bleu,Le Bleu Elefant,https://coin-images.coingecko.com/coins/images/37811/large/b.png?1715597915,0.00037343,0.0,,363122.0,33854.0,0.00039014,0.00027232,9.31e-05,33.21208,0.0,0.0,0.0,1000000000.0,1000000000.0,0.00300824,-88.87662,2024-05-19T05:04:56.641Z,5.391e-05,520.64599,2024-10-25T06:32:29.030Z,,2024-11-15T13:24:28.584Z,0.363122
lolcat,cats,Lolcat [OLD],https://coin-images.coingecko.com/coins/images/37849/large/lolcat.jpeg?1715758924,6.812e-08,0.0,,681195.0,868.56,,,,,,,0.0,10000000000000.0,10000000000000.0,2.07297e-07,-67.13911,2024-05-21T12:07:02.892Z,5.0854e-08,33.95061,2024-08-05T01:16:48.441Z,,2024-10-25T15:44:42.984Z,0.681195
louder,louder,LOUDER,https://coin-images.coingecko.com/coins/images/39495/large/louder_icon_200x200.png?1722539190,0.00226952,0.0,,454132.0,2128.49,0.00239162,0.00221262,-0.000122108391653931,-5.10567,0.0,0.0,0.0,200000000.0,1000000000.0,0.00359558,-37.09528,2024-10-15T04:52:50.682Z,0.00102438,120.79637,2024-09-18T20:20:51.124Z,,2024-11-15T13:24:27.869Z,0.454132
lower,lower,lower,https://coin-images.coingecko.com/coins/images/37153/large/lower.jpg?1713471922,0.00016059,0.0,,161193.0,19147.34,0.00016335,0.00013817,1.012e-05,6.72253,0.0,0.0,0.0,999999999.0,999999999.0,0.00062861,-74.57793,2024-04-20T15:52:57.787Z,2.415e-05,561.6236,2024-09-06T18:59:52.013Z,,2024-11-15T13:24:26.682Z,0.161193
based-boshi,$boshi,Based Boshi,https://coin-images.coingecko.com/coins/images/39403/large/gxlfIx0p_400x400.jpg?1722052095,8.4251e-07,0.0,,84251.0,4.21,8.68032e-07,8.24992e-07,-2.5522300429e-08,-2.94025,0.0,0.0,0.0,100000000000.0,,2.991e-05,-97.18304,2024-07-30T17:14:35.606Z,5.61044e-07,50.16824,2024-08-23T03:43:32.079Z,,2024-11-15T12:53:52.913Z,0.084251
base-pro-shops,bps,Base Pro Shops,https://coin-images.coingecko.com/coins/images/36855/large/BPS_2.png?1712634757,0.00141186,0.0,,1409861.0,219415.0,0.00174065,0.00069099,0.00034633,32.50301,0.0,0.0,0.0,1000000000.0,1000000000.0,0.0051415,-72.52973,2024-04-11T20:48:50.009Z,6.319e-05,2135.19327,2024-09-23T14:49:54.952Z,,2024-11-15T13:24:25.931Z,1.409861
make-fun,mf,Make Fun,https://coin-images.coingecko.com/coins/images/51437/large/logo-128.png?1731224206,0.00654615,0.0,,6551124.0,16499.18,0.00657208,0.00625335,9.36e-05,1.45056,0.0,0.0,0.0,1000000000.0,1000000000.0,0.00692038,-4.96289,2024-11-11T15:30:31.007Z,0.00625335,5.17456,2024-11-14T20:22:31.153Z,,2024-11-15T13:23:26.577Z,6.551124
marso-tech,marso,Marso.Tech,https://coin-images.coingecko.com/coins/images/50292/large/QKbwAja.png?1726905588,0.0006841,0.0,,14369976.0,84888.0,0.00068889,0.00068123,-2.909227187205e-06,-0.42346,0.0,0.0,0.0,21000000000.0,21000000000.0,0.00149796,-54.2907,2024-09-23T03:35:27.824Z,0.00049897,37.22437,2024-11-05T01:08:51.525Z,,2024-11-15T13:22:50.861Z,14.369976
mewnb,mewnb,MEWNB,https://coin-images.coingecko.com/coins/images/37568/large/1000001337.jpg?1716577525,4.83e-05,0.0,,33328.0,301.2,5.284e-05,4.714e-05,-4.500801486392e-06,-8.52399,0.0,0.0,0.0,690000000.0,690000000.0,0.00297245,-98.37505,2024-05-22T17:14:17.982Z,1.65e-05,192.77824,2024-11-03T19:01:42.021Z,,2024-11-15T12:53:53.151Z,0.033328
minky,minky,MINKY,https://coin-images.coingecko.com/coins/images/39903/large/MINKY_FINAL_PROFILE_PIC_copy.png?1724735986,5.59e-06,0.0,,55924.0,3397.83,6.72e-06,5.5e-06,-7.37074705664e-07,-11.64515,0.0,0.0,0.0,10000000000.0,10000000000.0,0.00031483,-98.22366,2024-08-30T11:33:58.543Z,4.01e-06,39.34958,2024-10-06T10:59:50.122Z,,2024-11-15T12:55:36.122Z,0.055924
