symbol,name,current_price,market_cap_rank,total_volume,price_change_percentage_24h,ath,ath_date,market_cap_mm,contract_address,meme,base_ecosystem,cat_themed,base_meme,dog_themed,farcaster_ecosystem,frog_themed,the_boyâ€™s_club,solana_ecosystem,ai_meme,parody_meme,layer_3_(l3),bnb_chain_ecosystem,avalanche_ecosystem,arbitrum_ecosystem,ethereum_ecosystem,shibarium_ecosystem,hybrid_token_standards,solana_meme,politifi,launchpad,fantom_ecosystem,ton_ecosystem,ton_meme,country_themed_meme,polygon_ecosystem,gaming_(gamefi),nft,on_chain_gaming,erc_404,inscriptions,erc20i
brett,Brett,0.178871,69.0,318138271.0,10.87326,0.193396,2024-11-16T02:20:45.363Z,1772.026421,0x532f27101965dd16442e59d40670faf5ebb142e4,0.0,0.0,0.0,0,0.0,0.0,0.0,0.0,0.0,0.0,0.0,0.0,0.0,0.0,0.0,0.0,0.0,0.0,0.0,0.0,0.0,0.0,0.0,0.0,0.0,0.0,0.0,0.0,0.0,0.0,0.0,0.0
degen,Degen (Base),0.026922,184.0,348548562.0,6.81482,0.064543,2024-03-31T20:22:27.147Z,462.806194,0x4ed4e862860bed51a9570b96d89af5e1b0efefed,0.0,0.0,0.0,0,0.0,0.0,0.0,0.0,0.0,0.0,0.0,0.0,0.0,0.0,0.0,0.0,0.0,0.0,0.0,0.0,0.0,0.0,0.0,0.0,0.0,0.0,0.0,0.0,0.0,0.0,0.0,0.0
toshi,Toshi,0.00039901,369.0,11472399.0,39.90295,0.00079383,2024-04-08T09:00:30.373Z,164.407219,0xac1bd2486aaf3b5c0fc3fd868558b082a531b2b4,0.0,0.0,0.0,0,0.0,0.0,0.0,0.0,0.0,0.0,0.0,0.0,0.0,0.0,0.0,0.0,0.0,0.0,0.0,0.0,0.0,0.0,0.0,0.0,0.0,0.0,0.0,0.0,0.0,0.0,0.0,0.0
keycat,Keyboard Cat (Base),0.01482317,388.0,8553280.0,18.9877,0.01585028,2024-11-15T10:15:50.320Z,148.478984,0x9a26f5433671751c3276a065f57e5a02d2817973,1.0,1.0,1.0,1,0.0,0.0,0.0,0.0,0.0,0.0,0.0,0.0,0.0,0.0,0.0,0.0,0.0,0.0,0.0,0.0,0.0,0.0,0.0,0.0,0.0,0.0,0.0,0.0,0.0,0.0,0.0,0.0
miggles,Mister Miggles,0.150089,395.0,31585312.0,94.84579,0.172773,2024-11-15T22:20:49.942Z,144.68027,0xb1a03eda10342529bbf8eb700a06c60441fef25d,1.0,1.0,1.0,1,0.0,0.0,0.0,0.0,0.0,0.0,0.0,0.0,0.0,0.0,0.0,0.0,0.0,0.0,0.0,0.0,0.0,0.0,0.0,0.0,0.0,0.0,0.0,0.0,0.0,0.0,0.0,0.0
benji,Basenji,0.056309,710.0,5519978.0,44.39841,0.104985,2024-06-10T04:30:56.937Z,56.167475,0xbc45647ea894030a4e9801ec03479739fa2485f0,1.0,1.0,0.0,1,1.0,0.0,0.0,0.0,0.0,0.0,0.0,0.0,0.0,0.0,0.0,0.0,0.0,0.0,0.0,0.0,0.0,0.0,0.0,0.0,0.0,0.0,0.0,0.0,0.0,0.0,0.0,0.0
higher,higher,0.052876,730.0,2267479.0,0.28689,0.114177,2024-04-04T03:24:05.700Z,53.970047,0xbc45647ea894030a4e9801ec03479739fa2485f0,1.0,1.0,0.0,1,1.0,0.0,0.0,0.0,0.0,0.0,0.0,0.0,0.0,0.0,0.0,0.0,0.0,0.0,0.0,0.0,0.0,0.0,0.0,0.0,0.0,0.0,0.0,0.0,0.0,0.0,0.0,0.0
mfer,mfercoin,0.053172,736.0,15290640.0,43.99943,0.263597,2024-03-31T13:30:38.574Z,53.247257,0xe3086852a4b125803c815a158249ae468a3254ca,1.0,1.0,0.0,1,0.0,0.0,0.0,0.0,0.0,0.0,0.0,0.0,0.0,0.0,0.0,0.0,0.0,0.0,0.0,0.0,0.0,0.0,0.0,0.0,0.0,0.0,0.0,0.0,0.0,0.0,0.0,0.0
doginme,doginme,0.00074288,760.0,3039173.0,-9.95309,0.00177931,2024-03-25T14:49:16.065Z,50.233428,0x6921b130d297cc43754afba22e5eac0fbf8db75b,1.0,1.0,0.0,1,1.0,1.0,0.0,0.0,0.0,0.0,0.0,0.0,0.0,0.0,0.0,0.0,0.0,0.0,0.0,0.0,0.0,0.0,0.0,0.0,0.0,0.0,0.0,0.0,0.0,0.0,0.0,0.0
ski,Ski Mask Dog,0.04259362,819.0,4397926.0,-14.98966,0.054207,2024-11-15T04:20:49.640Z,42.501815,0x768be13e1680b5ebe0024c42c896e3db59ec0149,1.0,1.0,0.0,1,1.0,0.0,0.0,0.0,0.0,0.0,0.0,0.0,0.0,0.0,0.0,0.0,0.0,0.0,0.0,0.0,0.0,0.0,0.0,0.0,0.0,0.0,0.0,0.0,0.0,0.0,0.0,0.0
pepe,Based Pepe,9.4067e-08,852.0,964170.0,4.18868,1.2267e-07,2024-11-13T18:05:41.791Z,40.252472,0x52b492a33e447cdb854c7fc19f1e57e8bfa1777d,1.0,1.0,0.0,1,0.0,0.0,1.0,1.0,0.0,0.0,0.0,0.0,0.0,0.0,0.0,0.0,0.0,0.0,0.0,0.0,0.0,0.0,0.0,0.0,0.0,0.0,0.0,0.0,0.0,0.0,0.0,0.0
tybg,Base God,0.00026622,964.0,2801174.0,88.54443,0.00070125,2024-03-05T15:34:12.420Z,32.925377,0x0d97f261b1e88845184f678e2d1e7a98d9fd38de,1.0,1.0,0.0,1,0.0,1.0,0.0,0.0,0.0,0.0,0.0,0.0,0.0,0.0,0.0,0.0,0.0,0.0,0.0,0.0,0.0,0.0,0.0,0.0,0.0,0.0,0.0,0.0,0.0,0.0,0.0,0.0
chomp,ChompCoin,0.315277,1010.0,1607052.0,56.08701,0.96151,2024-06-11T02:06:44.916Z,29.53901,0xebff2db643cf955247339c8c6bcd8406308ca437,1.0,1.0,0.0,1,1.0,0.0,0.0,0.0,0.0,0.0,0.0,0.0,0.0,0.0,0.0,0.0,0.0,0.0,0.0,0.0,0.0,0.0,0.0,0.0,0.0,0.0,0.0,0.0,0.0,0.0,0.0,0.0
elonrwa,ElonRWA,0.00079092,1051.0,6077516.0,0.31562,0.00085128,2024-11-16T03:05:41.291Z,27.743522,0xebff2db643cf955247339c8c6bcd8406308ca437,1.0,1.0,0.0,1,1.0,0.0,0.0,0.0,0.0,0.0,0.0,0.0,0.0,0.0,0.0,0.0,0.0,0.0,0.0,0.0,0.0,0.0,0.0,0.0,0.0,0.0,0.0,0.0,0.0,0.0,0.0,0.0
mochi,Mochi,2.522e-05,1095.0,1078942.0,52.35207,8.118e-05,2024-03-26T08:26:28.517Z,25.279334,0xf6e932ca12afa26665dc4dde7e27be02a7c02e50,1.0,1.0,1.0,1,0.0,0.0,0.0,0.0,0.0,0.0,0.0,0.0,0.0,0.0,0.0,0.0,0.0,0.0,0.0,0.0,0.0,0.0,0.0,0.0,0.0,0.0,0.0,0.0,0.0,0.0,0.0,0.0
normie,NORMIE,0.02528349,1114.0,1709689.0,24.75217,0.219147,2024-03-26T00:49:27.134Z,24.618759,0x47b464edb8dc9bc67b5cd4c9310bb87b773845bd,1.0,1.0,0.0,1,0.0,0.0,0.0,0.0,0.0,0.0,0.0,0.0,0.0,0.0,0.0,0.0,0.0,0.0,0.0,0.0,0.0,0.0,0.0,0.0,0.0,0.0,0.0,0.0,0.0,0.0,0.0,0.0
toby,Toby ToadGod,6.3306e-08,1122.0,251351.0,-8.05179,8.0647e-08,2024-04-11T00:30:02.406Z,23.922251,0xb8d98a102b0079b69ffbc760c8d857a31653e56e,0.0,1.0,0.0,1,0.0,0.0,1.0,0.0,0.0,0.0,0.0,0.0,0.0,0.0,0.0,0.0,0.0,0.0,0.0,0.0,0.0,0.0,0.0,0.0,0.0,0.0,0.0,0.0,0.0,0.0,0.0,0.0
chad,Based Chad,0.00023586,1322.0,1141275.0,24.79851,0.00026802,2024-11-13T16:51:59.078Z,16.433219,0xb8d98a102b0079b69ffbc760c8d857a31653e56e,0.0,1.0,0.0,1,0.0,0.0,1.0,0.0,0.0,0.0,0.0,0.0,0.0,0.0,0.0,0.0,0.0,0.0,0.0,0.0,0.0,0.0,0.0,0.0,0.0,0.0,0.0,0.0,0.0,0.0,0.0,0.0
andy,Andy,0.01602709,1347.0,575848.0,24.3099,0.04575116,2024-06-07T14:37:30.247Z,15.903491,0x18a8bd1fe17a1bb9ffb39ecd83e9489cfd17a022,1.0,1.0,0.0,1,0.0,0.0,0.0,1.0,0.0,0.0,0.0,0.0,0.0,0.0,0.0,0.0,0.0,0.0,0.0,0.0,0.0,0.0,0.0,0.0,0.0,0.0,0.0,0.0,0.0,0.0,0.0,0.0
boomer,Boomer,0.01587274,1382.0,2738834.0,88.65977,0.061015,2024-05-04T15:18:23.526Z,14.712926,0xcde172dc5ffc46d228838446c57c1227e0b82049,1.0,1.0,0.0,1,0.0,0.0,0.0,0.0,0.0,0.0,0.0,0.0,0.0,0.0,0.0,0.0,0.0,0.0,0.0,0.0,0.0,0.0,0.0,0.0,0.0,0.0,0.0,0.0,0.0,0.0,0.0,0.0
floppa,Floppa Cat,0.01444663,1390.0,599433.0,6.00485,0.01677971,2024-11-15T14:00:34.825Z,14.546978,0x776aaef8d8760129a0398cf8674ee28cefc0eab9,1.0,1.0,1.0,1,0.0,0.0,0.0,0.0,1.0,0.0,0.0,0.0,0.0,0.0,0.0,0.0,0.0,0.0,0.0,0.0,0.0,0.0,0.0,0.0,0.0,0.0,0.0,0.0,0.0,0.0,0.0,0.0
lucky,Lucky Dog,0.00163101,1477.0,194949.0,7.1677,0.00412234,2024-11-11T17:40:34.037Z,12.614581,0x2c002ffec41568d138acc36f5894d6156398d539,1.0,1.0,0.0,1,1.0,0.0,0.0,0.0,0.0,1.0,0.0,0.0,0.0,0.0,0.0,0.0,0.0,0.0,0.0,0.0,0.0,0.0,0.0,0.0,0.0,0.0,0.0,0.0,0.0,0.0,0.0,0.0
peezy,Young Peezy AKA Pepe,0.01237469,1491.0,585528.0,45.04502,0.01746762,2024-04-28T00:59:03.640Z,12.374692,0x1b6a569dd61edce3c383f6d565e2f79ec3a12980,1.0,1.0,0.0,1,0.0,0.0,1.0,1.0,0.0,0.0,0.0,0.0,0.0,0.0,0.0,0.0,0.0,0.0,0.0,0.0,0.0,0.0,0.0,0.0,0.0,0.0,0.0,0.0,0.0,0.0,0.0,0.0
bamboo,Bamboo on Base,0.01123674,1544.0,193750.0,1.88273,0.04278792,2024-07-21T08:10:34.327Z,11.233966,0x1b6a569dd61edce3c383f6d565e2f79ec3a12980,1.0,1.0,0.0,1,0.0,0.0,1.0,1.0,0.0,0.0,0.0,0.0,0.0,0.0,0.0,0.0,0.0,0.0,0.0,0.0,0.0,0.0,0.0,0.0,0.0,0.0,0.0,0.0,0.0,0.0,0.0,0.0
crash,Crash On Base,0.01147096,1557.0,565949.0,74.23921,0.03898669,2024-06-27T13:23:19.268Z,10.969829,0x4dd9077269dd08899f2a9e73507125962b5bc87f,1.0,1.0,0.0,1,0.0,0.0,0.0,0.0,0.0,0.0,0.0,0.0,0.0,0.0,0.0,0.0,0.0,0.0,0.0,0.0,0.0,0.0,0.0,0.0,0.0,0.0,0.0,0.0,0.0,0.0,0.0,0.0
coinye,Coinye West,0.01152476,1607.0,299702.0,125.60282,0.04538102,2024-04-02T01:51:21.711Z,10.136566,0x0028e1e60167b48a938b785aa5292917e7eaca8b,1.0,1.0,0.0,1,0.0,0.0,0.0,0.0,0.0,0.0,1.0,0.0,0.0,0.0,0.0,0.0,0.0,0.0,0.0,0.0,0.0,0.0,0.0,0.0,0.0,0.0,0.0,0.0,0.0,0.0,0.0,0.0
sumi,SUMI,0.00864286,1858.0,1694082.0,298.39912,0.01205455,2024-11-15T20:41:31.054Z,6.682103,0xe8aae6251c6cf39927b0ff31399030c60bec798f,1.0,1.0,1.0,1,0.0,0.0,0.0,0.0,0.0,0.0,0.0,0.0,0.0,0.0,0.0,0.0,0.0,0.0,0.0,0.0,0.0,0.0,0.0,0.0,0.0,0.0,0.0,0.0,0.0,0.0,0.0,0.0
weirdo,Weirdo,9.255e-05,1886.0,235792.0,7.15179,0.00023272,2024-05-23T09:55:43.246Z,6.424703,0x76734b57dfe834f102fb61e1ebf844adf8dd931e,1.0,1.0,0.0,1,0.0,0.0,0.0,0.0,0.0,0.0,0.0,0.0,0.0,0.0,0.0,0.0,0.0,0.0,0.0,0.0,0.0,0.0,0.0,0.0,0.0,0.0,0.0,0.0,0.0,0.0,0.0,0.0
briun,Briun Armstrung,0.00741825,1957.0,341060.0,38.23782,0.0328559,2024-03-20T15:32:01.959Z,5.890123,0x8c81b4c816d66d36c4bf348bdec01dbcbc70e987,0.0,1.0,0.0,1,0.0,0.0,0.0,0.0,0.0,0.0,1.0,0.0,0.0,0.0,0.0,0.0,0.0,0.0,0.0,0.0,0.0,0.0,0.0,0.0,0.0,0.0,0.0,0.0,0.0,0.0,0.0,0.0
skop,Skull of Pepe Token,0.03472445,2037.0,722121.0,28.12743,0.142385,2024-06-01T15:05:59.320Z,5.222417,0x6d3b8c76c5396642960243febf736c6be8b60562,1.0,1.0,0.0,1,0.0,0.0,1.0,1.0,0.0,0.0,0.0,0.0,0.0,0.0,0.0,0.0,0.0,0.0,0.0,0.0,0.0,0.0,0.0,0.0,0.0,0.0,0.0,0.0,0.0,0.0,0.0,0.0
wewe,WEWECOIN,4.5e-05,2168.0,246640.0,-34.18325,0.00039717,2024-07-21T08:17:29.800Z,4.499766,0x6d3b8c76c5396642960243febf736c6be8b60562,1.0,1.0,0.0,1,0.0,0.0,1.0,1.0,0.0,0.0,0.0,0.0,0.0,0.0,0.0,0.0,0.0,0.0,0.0,0.0,0.0,0.0,0.0,0.0,0.0,0.0,0.0,0.0,0.0,0.0,0.0,0.0
kendu,Kendu Inu,4.12e-06,2239.0,66170.0,18.90381,6.43e-06,2024-11-02T17:01:33.607Z,4.119258,0x5597ce42b315f29e42071d231dcd0158da35b77b,1.0,1.0,0.0,1,1.0,0.0,0.0,0.0,0.0,0.0,0.0,0.0,0.0,0.0,0.0,0.0,0.0,0.0,0.0,0.0,0.0,0.0,0.0,0.0,0.0,0.0,0.0,0.0,0.0,0.0,0.0,0.0
aerobud,AEROBUD,0.00374154,2317.0,201939.0,48.61119,0.00536663,2024-06-05T20:34:58.318Z,3.740075,0xfad8cb754230dbfd249db0e8eccb5142dd675a0d,1.0,1.0,0.0,1,1.0,0.0,0.0,0.0,0.0,0.0,0.0,0.0,0.0,0.0,0.0,0.0,0.0,0.0,0.0,0.0,0.0,0.0,0.0,0.0,0.0,0.0,0.0,0.0,0.0,0.0,0.0,0.0
condo,CONDO,0.00034865,2371.0,31142.0,4.0389,0.00080347,2024-06-11T01:37:56.930Z,3.486478,0x30d19fb77c3ee5cfa97f73d72c6a1e509fa06aef,1.0,1.0,0.0,1,0.0,0.0,0.0,0.0,0.0,0.0,0.0,0.0,0.0,0.0,0.0,0.0,0.0,0.0,0.0,0.0,0.0,0.0,0.0,0.0,0.0,0.0,0.0,0.0,0.0,0.0,0.0,0.0
ayb,All Your Base,1.72e-06,2383.0,140371.0,6.92247,5.44e-06,2024-03-30T04:38:55.959Z,3.423146,0x7ed613ab8b2b4c6a781ddc97ea98a666c6437511,1.0,1.0,0.0,1,0.0,0.0,0.0,0.0,0.0,0.0,0.0,0.0,0.0,0.0,0.0,0.0,0.0,0.0,0.0,0.0,0.0,0.0,0.0,0.0,0.0,0.0,0.0,0.0,0.0,0.0,0.0,0.0
booshi,Booshi,0.00030619,2481.0,5020.32,-9.9336,0.0005311,2024-10-29T19:40:37.333Z,3.061844,0x7ed613ab8b2b4c6a781ddc97ea98a666c6437511,1.0,1.0,0.0,1,0.0,0.0,0.0,0.0,0.0,0.0,0.0,0.0,0.0,0.0,0.0,0.0,0.0,0.0,0.0,0.0,0.0,0.0,0.0,0.0,0.0,0.0,0.0,0.0,0.0,0.0,0.0,0.0
bee,BeeBase,1.413e-05,2508.0,1069.26,3.89155,2.371e-05,2024-09-02T16:18:58.357Z,2.966517,0xfd09f108d1728e6b6ed241ccd254775e322f1ed6,1.0,1.0,0.0,1,0.0,0.0,0.0,0.0,0.0,0.0,0.0,0.0,0.0,0.0,0.0,0.0,0.0,0.0,0.0,0.0,0.0,0.0,0.0,0.0,0.0,0.0,0.0,0.0,0.0,0.0,0.0,0.0
based,Basedmilio,0.00270612,2585.0,320945.0,52.44645,0.01004687,2024-07-15T19:28:45.818Z,2.708562,0x28e29ec91db66733a94ee8e3b86a6199117baf99,0.0,1.0,0.0,1,0.0,0.0,0.0,0.0,0.0,0.0,0.0,0.0,0.0,0.0,0.0,0.0,0.0,0.0,0.0,0.0,0.0,0.0,0.0,0.0,0.0,0.0,0.0,0.0,0.0,0.0,0.0,0.0
tn100x,TN100x,0.00102342,2633.0,208281.0,54.38531,0.00583127,2024-05-07T18:57:32.398Z,2.547393,0x5b5dee44552546ecea05edea01dcd7be7aa6144a,1.0,1.0,0.0,1,0.0,1.0,0.0,0.0,0.0,0.0,0.0,1.0,0.0,0.0,0.0,0.0,0.0,0.0,0.0,0.0,0.0,0.0,0.0,0.0,0.0,0.0,0.0,0.0,0.0,0.0,0.0,0.0
timi,This Is My Iguana,0.0026794,2639.0,949640.0,78.44874,0.00860314,2024-07-27T03:05:18.061Z,2.522636,0x9beec80e62aa257ced8b0edd8692f79ee8783777,1.0,1.0,0.0,1,0.0,0.0,0.0,0.0,0.0,0.0,0.0,0.0,0.0,0.0,0.0,0.0,0.0,0.0,0.0,0.0,0.0,0.0,0.0,0.0,0.0,0.0,0.0,0.0,0.0,0.0,0.0,0.0
beni,Beni,0.00251405,2647.0,254753.0,130.60845,0.00927137,2024-04-21T16:59:09.725Z,2.493127,0x9beec80e62aa257ced8b0edd8692f79ee8783777,1.0,1.0,0.0,1,0.0,0.0,0.0,0.0,0.0,0.0,0.0,0.0,0.0,0.0,0.0,0.0,0.0,0.0,0.0,0.0,0.0,0.0,0.0,0.0,0.0,0.0,0.0,0.0,0.0,0.0,0.0,0.0
rock,Just a Black Rock on Base,0.00023423,2704.0,225220.0,255.23311,0.0058743,2024-03-29T09:57:55.378Z,2.34162,0xece7b98bd817ee5b1f2f536daf34d0b6af8bb542,0.0,1.0,0.0,1,0.0,0.0,0.0,0.0,0.0,0.0,0.0,0.0,0.0,0.0,0.0,0.0,0.0,0.0,0.0,0.0,0.0,0.0,0.0,0.0,0.0,0.0,0.0,0.0,0.0,0.0,0.0,0.0
poncho,Poncho,0.231792,2710.0,213601.0,18.68349,1.96,2024-03-26T10:08:50.455Z,2.324003,0xc2fe011c3885277c7f0e7ffd45ff90cadc8ecd12,1.0,1.0,1.0,1,0.0,0.0,0.0,0.0,0.0,0.0,0.0,0.0,0.0,0.0,0.0,0.0,0.0,0.0,0.0,0.0,0.0,0.0,0.0,0.0,0.0,0.0,0.0,0.0,0.0,0.0,0.0,0.0
,NULL MATRIX,215.9,2814.0,623418.0,28.74018,387.03,2024-10-27T13:10:52.071Z,2.079756,0x0a14ef61afb32e5ca672e021784f71705ac14908,1.0,1.0,0.0,1,0.0,0.0,0.0,0.0,1.0,0.0,0.0,0.0,1.0,1.0,1.0,0.0,0.0,0.0,0.0,0.0,0.0,0.0,0.0,0.0,0.0,0.0,0.0,0.0,0.0,0.0,0.0,0.0
$wsb,Agent Zero,0.098282,2815.0,283107.0,198.68215,0.098629,2024-11-16T07:34:41.917Z,2.062246,0x92dc4ab92eb16e781559e612f349916988013d5a,1.0,1.0,0.0,1,0.0,0.0,0.0,0.0,0.0,0.0,0.0,0.0,0.0,0.0,0.0,0.0,0.0,0.0,0.0,0.0,0.0,0.0,0.0,0.0,0.0,0.0,0.0,0.0,0.0,0.0,0.0,0.0
aether,Aethernet,0.00205567,2816.0,823900.0,110.51783,0.00231531,2024-11-16T07:02:12.851Z,2.058705,0xf3708859c178709d5319ad5405bc81511b72b9e9,1.0,1.0,0.0,1,0.0,0.0,0.0,0.0,0.0,1.0,0.0,0.0,0.0,0.0,0.0,0.0,0.0,0.0,0.0,0.0,0.0,0.0,0.0,0.0,0.0,0.0,0.0,0.0,0.0,0.0,0.0,0.0
wolf,Landwolf,4.093e-09,2976.0,136064.0,46.21405,2.3732e-08,2024-06-10T03:14:50.920Z,1.722075,0xf3708859c178709d5319ad5405bc81511b72b9e9,1.0,1.0,0.0,1,0.0,0.0,0.0,0.0,0.0,1.0,0.0,0.0,0.0,0.0,0.0,0.0,0.0,0.0,0.0,0.0,0.0,0.0,0.0,0.0,0.0,0.0,0.0,0.0,0.0,0.0,0.0,0.0
tad,Tadpole,0.00242105,3007.0,155027.0,46.4536,0.00617812,2024-09-02T19:15:42.090Z,1.669252,0x55027a5b06f4340cc4c82dcc74c90ca93dcb173e,1.0,1.0,0.0,1,0.0,0.0,1.0,0.0,0.0,0.0,0.0,0.0,0.0,0.0,0.0,0.0,0.0,0.0,0.0,0.0,0.0,0.0,0.0,0.0,0.0,0.0,0.0,0.0,0.0,0.0,0.0,0.0
woof,WoofWork.io,0.00019639,3077.0,14422.72,2.81207,0.00420008,2023-02-08T02:15:17.154Z,1.55151,0xb3a9bd4861454ba94931ebff410c3d828525dce2,1.0,1.0,0.0,1,1.0,0.0,0.0,0.0,0.0,0.0,0.0,0.0,0.0,0.0,0.0,1.0,1.0,0.0,0.0,0.0,0.0,0.0,0.0,0.0,0.0,0.0,0.0,0.0,0.0,0.0,0.0,0.0
flies,MUTATIO,2.43,3189.0,26054.0,15.55297,14.17,2024-04-14T09:08:15.806Z,1.360171,0x8b67f2e56139ca052a7ec49cbcd1aa9c83f2752a,1.0,1.0,0.0,1,0.0,0.0,0.0,0.0,0.0,0.0,0.0,0.0,0.0,0.0,0.0,0.0,0.0,1.0,0.0,0.0,0.0,0.0,0.0,0.0,0.0,0.0,0.0,0.0,0.0,0.0,0.0,0.0
tyler,Tyler,0.001174,3323.0,87799.0,38.67481,0.00208736,2024-10-20T14:27:49.645Z,1.173466,0x65e570b560027f493f2b1907e8e8e3b9546053bd,1.0,1.0,0.0,1,0.0,0.0,0.0,0.0,0.0,0.0,0.0,0.0,0.0,0.0,0.0,0.0,0.0,0.0,0.0,0.0,0.0,0.0,0.0,0.0,0.0,0.0,0.0,0.0,0.0,0.0,0.0,0.0
carlo,Carlo,0.00108883,3399.0,141220.0,41.31369,0.02020769,2024-06-12T21:26:23.430Z,1.08883,0x38d513ec43dda20f323f26c7bef74c5cf80b6477,1.0,1.0,0.0,1,0.0,0.0,0.0,0.0,0.0,0.0,0.0,0.0,0.0,0.0,0.0,0.0,0.0,0.0,0.0,0.0,0.0,0.0,0.0,0.0,0.0,0.0,0.0,0.0,0.0,0.0,0.0,0.0
workie,Workie,0.00097518,3488.0,49711.0,61.6348,0.00249403,2024-06-20T15:46:32.794Z,0.975178,0x7480527815ccae421400da01e052b120cc4255e9,1.0,1.0,0.0,1,0.0,0.0,0.0,0.0,0.0,0.0,0.0,0.0,0.0,0.0,0.0,0.0,0.0,0.0,0.0,0.0,0.0,0.0,0.0,0.0,0.0,0.0,0.0,0.0,0.0,0.0,0.0,0.0
mork,MORK,0.00094415,3715.0,30950.0,12.754,0.0047536,2024-08-18T03:00:59.425Z,0.750502,0x7480527815ccae421400da01e052b120cc4255e9,1.0,1.0,0.0,1,0.0,0.0,0.0,0.0,0.0,0.0,0.0,0.0,0.0,0.0,0.0,0.0,0.0,0.0,0.0,0.0,0.0,0.0,0.0,0.0,0.0,0.0,0.0,0.0,0.0,0.0,0.0,0.0
lambow,Based Lambow,0.00073694,3726.0,67826.0,36.60941,0.00244486,2024-06-23T18:00:01.155Z,0.736941,0x4b61e2f1bbdee6d746209a693156952936f1702c,1.0,1.0,0.0,1,0.0,0.0,0.0,0.0,0.0,0.0,0.0,0.0,0.0,0.0,0.0,0.0,0.0,0.0,0.0,0.0,0.0,0.0,0.0,0.0,0.0,0.0,0.0,0.0,0.0,0.0,0.0,0.0
mvp,MAGA VP,0.01572935,3773.0,18266.33,-0.58427,0.709196,2024-05-17T13:06:37.603Z,0.694928,0x58cd93c4a91c3940109fa27d700f5013b18b5dc2,1.0,1.0,0.0,1,0.0,0.0,0.0,0.0,1.0,0.0,0.0,0.0,1.0,0.0,0.0,1.0,0.0,0.0,1.0,1.0,0.0,0.0,0.0,0.0,0.0,0.0,0.0,0.0,0.0,0.0,0.0,0.0
alf,ALF,6.09e-06,3884.0,103672.0,25.70912,6.33e-05,2024-07-21T17:16:20.889Z,0.609181,0x26f1bb40ea88b46ceb21557dc0ffac7b7c0ad40f,1.0,1.0,0.0,1,0.0,0.0,0.0,0.0,0.0,0.0,0.0,0.0,0.0,0.0,0.0,0.0,0.0,0.0,0.0,0.0,0.0,0.0,0.0,0.0,0.0,0.0,0.0,0.0,0.0,0.0,0.0,0.0
wgc,Wild Goat Coin,8.754e-05,3886.0,5308.68,-1.46906,0.00011857,2024-10-20T20:00:32.304Z,0.607394,0x26f1bb40ea88b46ceb21557dc0ffac7b7c0ad40f,1.0,1.0,0.0,1,0.0,0.0,0.0,0.0,0.0,0.0,0.0,0.0,0.0,0.0,0.0,0.0,0.0,0.0,0.0,0.0,0.0,0.0,0.0,0.0,0.0,0.0,0.0,0.0,0.0,0.0,0.0,0.0
gif,goatwifhat,0.00054606,3977.0,150429.0,-45.68533,0.00152864,2024-06-14T09:33:23.359Z,0.54566,0x6b82297c6f1f9c3b1f501450d2ee7c37667ab70d,1.0,1.0,0.0,1,0.0,0.0,0.0,0.0,0.0,0.0,0.0,0.0,0.0,0.0,0.0,0.0,0.0,0.0,0.0,0.0,0.0,0.0,0.0,0.0,0.0,0.0,0.0,0.0,0.0,0.0,0.0,0.0
brian,Brian,0.00051916,4050.0,38669.0,28.12055,0.00057635,2024-11-12T01:15:50.537Z,0.504641,0x3ecced5b416e58664f04a39dd18935eb71d33b15,1.0,1.0,0.0,1,0.0,0.0,0.0,0.0,0.0,0.0,0.0,0.0,0.0,0.0,0.0,0.0,0.0,0.0,0.0,0.0,0.0,0.0,0.0,0.0,0.0,0.0,0.0,0.0,0.0,0.0,0.0,0.0
corgi,Corgi,0.00050154,4055.0,2747.57,0.90474,0.00157901,2024-04-22T12:43:51.172Z,0.501536,0x6223901ea64608c75da8497d5eff15d19a1d8fd5,1.0,1.0,0.0,1,1.0,0.0,0.0,0.0,0.0,0.0,0.0,0.0,0.0,0.0,0.0,0.0,0.0,0.0,0.0,0.0,0.0,0.0,0.0,0.0,0.0,0.0,0.0,0.0,0.0,0.0,0.0,0.0
boshi,Boshi,0.00049559,4088.0,33910.0,17.54879,0.00640556,2024-06-02T15:44:55.975Z,0.488151,0x33ad778e6c76237d843c52d7cafc972bb7cf8729,1.0,1.0,0.0,1,0.0,0.0,0.0,0.0,0.0,0.0,0.0,0.0,0.0,0.0,0.0,0.0,0.0,0.0,0.0,0.0,0.0,0.0,0.0,0.0,0.0,0.0,0.0,0.0,0.0,0.0,0.0,0.0
wagmi,WAGMI,0.00053418,4110.0,58850.0,0.559,0.00243471,2024-07-04T00:58:17.309Z,0.480764,0x7466de7bb8b5e41ee572f4167de6be782a7fa75d,1.0,1.0,0.0,1,0.0,1.0,0.0,0.0,0.0,0.0,0.0,0.0,0.0,0.0,0.0,0.0,0.0,0.0,0.0,0.0,0.0,0.0,0.0,0.0,0.0,0.0,0.0,0.0,0.0,0.0,0.0,0.0
saca,Sandwich Cat,0.00044883,4190.0,19673.61,-1.83385,0.00180166,2024-04-25T08:12:56.317Z,0.438068,0x7466de7bb8b5e41ee572f4167de6be782a7fa75d,1.0,1.0,0.0,1,0.0,1.0,0.0,0.0,0.0,0.0,0.0,0.0,0.0,0.0,0.0,0.0,0.0,0.0,0.0,0.0,0.0,0.0,0.0,0.0,0.0,0.0,0.0,0.0,0.0,0.0,0.0,0.0
berf,BERF,0.00085503,4356.0,15175.88,27.85196,0.02191655,2024-06-23T07:23:04.057Z,0.352182,0xfc5462143a3178cf044e97c491f6bcb5e38f173e,0.0,1.0,0.0,1,0.0,0.0,0.0,0.0,0.0,0.0,0.0,0.0,0.0,0.0,0.0,0.0,0.0,0.0,0.0,0.0,0.0,0.0,0.0,0.0,0.0,0.0,0.0,0.0,0.0,0.0,0.0,0.0
bcp,BlockChainPeople,0.01614878,4402.0,26939.0,0.91959,40.42,2024-06-03T13:51:45.506Z,0.339125,0x87c211144b1d9bdaa5a791b8099ea4123dc31d21,1.0,1.0,0.0,1,0.0,0.0,0.0,0.0,0.0,0.0,0.0,0.0,0.0,0.0,0.0,0.0,0.0,0.0,0.0,0.0,0.0,0.0,0.0,0.0,0.0,0.0,0.0,0.0,0.0,0.0,0.0,0.0
fomo,FOMO BULL CLUB,6.28e-06,4484.0,7099.71,1.98155,0.00020892,2024-04-16T04:10:43.361Z,0.310464,0x9a86980d3625b4a6e69d8a4606d51cbc019e2002,1.0,1.0,0.0,1,0.0,0.0,0.0,0.0,0.0,0.0,0.0,0.0,0.0,0.0,0.0,0.0,0.0,0.0,0.0,0.0,1.0,0.0,0.0,0.0,0.0,0.0,0.0,0.0,0.0,0.0,0.0,0.0
cat,Catson,0.00070346,4513.0,139259.0,117.5315,0.00270459,2024-07-27T05:24:20.682Z,0.303177,0xca8e8d244f0d219a6fc9e4793c635cea98d0399c,1.0,1.0,1.0,1,0.0,0.0,0.0,0.0,0.0,0.0,0.0,0.0,0.0,0.0,0.0,0.0,0.0,0.0,0.0,0.0,0.0,0.0,0.0,0.0,0.0,0.0,0.0,0.0,0.0,0.0,0.0,0.0
tybeng,TYBENG,0.00017548,4558.0,4482604.0,1.37768,0.01557954,2024-06-08T10:36:34.043Z,0.291833,0x029a3b0532871735809a51e8653d6017ef04b6fa,1.0,1.0,0.0,1,0.0,0.0,0.0,0.0,0.0,0.0,0.0,0.0,0.0,0.0,0.0,1.0,0.0,0.0,0.0,0.0,0.0,0.0,0.0,0.0,0.0,0.0,0.0,0.0,0.0,0.0,0.0,0.0
anime,Anime,0.00029101,4615.0,20809.0,52.86619,0.01740453,2024-04-01T01:48:06.243Z,0.291015,0x0e0c9756a3290cd782cf4ab73ac24d25291c9564,1.0,1.0,0.0,1,0.0,0.0,0.0,0.0,0.0,0.0,0.0,0.0,0.0,0.0,0.0,0.0,0.0,0.0,0.0,0.0,0.0,0.0,0.0,0.0,0.0,0.0,0.0,0.0,0.0,0.0,0.0,0.0
mob,Marvin On Base,1.53935e-07,4760.0,6835.11,12.56004,5.48e-06,2024-06-30T09:31:12.454Z,0.230902,0x0e0c9756a3290cd782cf4ab73ac24d25291c9564,1.0,1.0,0.0,1,0.0,0.0,0.0,0.0,0.0,0.0,0.0,0.0,0.0,0.0,0.0,0.0,0.0,0.0,0.0,0.0,0.0,0.0,0.0,0.0,0.0,0.0,0.0,0.0,0.0,0.0,0.0,0.0
$soda,SonicSoda,1.38176e-07,5147.0,3206.44,0.85919,3.24816e-07,2024-10-22T09:12:31.985Z,0.1381,,1.0,0.0,0.0,1,0.0,0.0,0.0,0.0,0.0,0.0,0.0,0.0,0.0,0.0,0.0,0.0,0.0,0.0,0.0,0.0,0.0,1.0,0.0,0.0,0.0,0.0,0.0,0.0,0.0,0.0,0.0,0.0
nippy,Cat On Catnip,3.204e-05,5165.0,325.38,2.86147,0.00144383,2024-05-09T02:22:50.700Z,0.134555,0x7a31512fb17be839b24276c211e941932c9d20e1,1.0,1.0,1.0,1,0.0,0.0,0.0,0.0,0.0,0.0,0.0,0.0,0.0,0.0,0.0,0.0,0.0,0.0,0.0,0.0,0.0,0.0,0.0,0.0,0.0,0.0,0.0,0.0,0.0,0.0,0.0,0.0
moby,MOBY,1.198e-05,5236.0,809.33,5.87662,0.00041011,2024-07-22T16:12:06.810Z,0.119792,0xea1d649ddc8e2a6e6ee40b89b2997518476cafa5,1.0,1.0,0.0,1,0.0,0.0,0.0,0.0,0.0,0.0,0.0,0.0,0.0,0.0,0.0,0.0,0.0,0.0,0.0,0.0,0.0,0.0,0.0,0.0,0.0,0.0,0.0,0.0,0.0,0.0,0.0,0.0
beast,Based Beast Coin,0.01179531,5244.0,16045.06,49.18756,0.064913,2024-10-29T19:26:48.349Z,0.117953,0x82aed68f1deaca2b2aa4c5f27276374228a9f923,1.0,1.0,0.0,1,0.0,0.0,0.0,0.0,0.0,0.0,0.0,0.0,0.0,0.0,0.0,0.0,0.0,0.0,0.0,0.0,0.0,0.0,0.0,0.0,0.0,0.0,0.0,0.0,0.0,0.0,0.0,0.0
am,Animated,0.00010866,5305.0,22340.0,119.14178,0.00062621,2024-05-19T20:55:04.344Z,0.108757,0x82aed68f1deaca2b2aa4c5f27276374228a9f923,1.0,1.0,0.0,1,0.0,0.0,0.0,0.0,0.0,0.0,0.0,0.0,0.0,0.0,0.0,0.0,0.0,0.0,0.0,0.0,0.0,0.0,0.0,0.0,0.0,0.0,0.0,0.0,0.0,0.0,0.0,0.0
$goodle,Goodle,1.26e-06,5372.0,147026.0,9.50273,1.501e-05,2024-11-09T02:00:57.842Z,0.099356,0x9f235d23354857efe6c541db92a9ef1877689bcb,1.0,1.0,0.0,1,0.0,0.0,0.0,0.0,0.0,0.0,0.0,0.0,0.0,0.0,0.0,0.0,0.0,0.0,0.0,0.0,0.0,0.0,0.0,0.0,0.0,0.0,0.0,0.0,0.0,0.0,0.0,0.0
cow,Cow,7.905e-05,5540.0,5213.45,12.45312,0.00048949,2024-08-18T07:50:26.076Z,0.077062,0x2ad3d80c917ddbf08acc04277f379e00e4d75395,1.0,1.0,0.0,1,0.0,0.0,0.0,0.0,0.0,0.0,0.0,0.0,0.0,0.0,0.0,0.0,0.0,0.0,0.0,0.0,0.0,0.0,0.0,0.0,0.0,0.0,0.0,0.0,0.0,0.0,0.0,0.0
gib,Gibape,8.157e-05,5626.0,3756.73,29.701,0.00060657,2024-06-04T22:10:36.471Z,0.069553,0x589864a9892b1a736ae70a91824ab4dc591fd8cd,1.0,1.0,0.0,1,0.0,0.0,0.0,0.0,0.0,0.0,0.0,0.0,0.0,0.0,0.0,0.0,0.0,0.0,0.0,0.0,0.0,0.0,0.0,0.0,0.0,0.0,0.0,0.0,0.0,0.0,0.0,0.0
rocco,Just a Rock,5.722e-05,5756.0,1634.05,,0.00291505,2024-06-06T04:42:44.305Z,0.057221,0x1804e3db872eed4141e482ff74c56862f2791103,1.0,1.0,0.0,1,0.0,0.0,0.0,0.0,0.0,0.0,0.0,0.0,0.0,0.0,0.0,0.0,0.0,0.0,0.0,0.0,0.0,0.0,0.0,0.0,0.0,0.0,0.0,0.0,0.0,0.0,0.0,0.0
pacato,Pacato,1.35964e-07,5757.0,5442.35,17.15739,1.45e-06,2024-10-12T06:01:28.120Z,0.057199,0x1804e3db872eed4141e482ff74c56862f2791103,1.0,1.0,0.0,1,0.0,0.0,0.0,0.0,0.0,0.0,0.0,0.0,0.0,0.0,0.0,0.0,0.0,0.0,0.0,0.0,0.0,0.0,0.0,0.0,0.0,0.0,0.0,0.0,0.0,0.0,0.0,0.0
blue,Blue Guy,5.534e-05,5774.0,9550.55,9.65046,0.00066792,2024-08-11T21:37:36.635Z,0.055342,0x891502ba08132653151f822a3a430198f1844115,1.0,1.0,0.0,1,0.0,0.0,0.0,0.0,0.0,0.0,0.0,0.0,0.0,0.0,0.0,0.0,0.0,0.0,0.0,0.0,0.0,0.0,0.0,0.0,0.0,0.0,0.0,0.0,0.0,0.0,0.0,0.0
flower,Farcaster Flower,4.934e-05,5846.0,5425.17,80.65784,0.00028822,2024-06-20T05:27:20.137Z,0.049319,0xb043bad01195700e737d0aee852584eae9393134,1.0,1.0,0.0,1,0.0,1.0,0.0,0.0,0.0,0.0,0.0,0.0,0.0,0.0,0.0,0.0,0.0,0.0,0.0,0.0,0.0,0.0,0.0,0.0,0.0,0.0,0.0,0.0,0.0,0.0,0.0,0.0
roxy,ROXY FROG,4.01e-06,6062.0,3802.44,52.37944,0.00022997,2024-06-06T04:46:13.507Z,0.033963,0x10a7a84c91988138f8dbbc82a23b02c8639e2552,1.0,1.0,0.0,1,0.0,0.0,1.0,0.0,0.0,0.0,0.0,0.0,0.0,0.0,0.0,0.0,0.0,0.0,0.0,0.0,0.0,0.0,0.0,0.0,0.0,0.0,0.0,0.0,0.0,0.0,0.0,0.0
moon,MOON INU,4.08125e-10,6164.0,3842.28,-25.52394,1.89765e-07,2024-03-31T16:11:47.942Z,0.028053,0xfd008f937b4d73eeb00cf74ce90c392be5f07f96,1.0,1.0,0.0,1,1.0,0.0,0.0,0.0,0.0,0.0,0.0,0.0,0.0,0.0,0.0,0.0,0.0,0.0,0.0,0.0,0.0,0.0,0.0,0.0,0.0,0.0,0.0,0.0,0.0,0.0,0.0,0.0
nom,Nomad,1.669e-05,6339.0,1023.12,-5.06093,0.00035289,2024-05-29T22:12:28.581Z,0.01668238,0x6776caccfdcd0dfd5a38cb1d0b3b39a4ca9283ce,1.0,1.0,0.0,1,0.0,1.0,0.0,0.0,0.0,0.0,0.0,0.0,0.0,0.0,0.0,0.0,0.0,0.0,0.0,0.0,0.0,0.0,0.0,0.0,0.0,0.0,0.0,0.0,0.0,0.0,0.0,0.0
marso,Marso.Tech,0.00068838,,87166.0,0.61049,0.00149796,2024-09-23T03:35:27.824Z,,0xdfd579dd6aeb232e95a15d964a135a61925b5c93,1.0,1.0,0.0,1,0.0,0.0,0.0,0.0,0.0,0.0,0.0,0.0,0.0,0.0,0.0,0.0,0.0,0.0,0.0,0.0,0.0,0.0,0.0,0.0,0.0,0.0,0.0,0.0,0.0,0.0,0.0,0.0
baldo,Bald Dog,0.00076263,,70.14,15.19277,0.173578,2024-03-26T08:09:45.570Z,,0xdfd579dd6aeb232e95a15d964a135a61925b5c93,1.0,1.0,0.0,1,0.0,0.0,0.0,0.0,0.0,0.0,0.0,0.0,0.0,0.0,0.0,0.0,0.0,0.0,0.0,0.0,0.0,0.0,0.0,0.0,0.0,0.0,0.0,0.0,0.0,0.0,0.0,0.0
mewnb,MEWNB,4.897e-05,,7.44,3.42788,0.00297245,2024-05-22T17:14:17.982Z,,0x5100d1c6e41984e6a0ae251e5629d538ad33e847,0.0,1.0,0.0,1,0.0,0.0,0.0,0.0,0.0,0.0,0.0,0.0,0.0,0.0,0.0,0.0,0.0,0.0,0.0,0.0,0.0,0.0,0.0,0.0,0.0,0.0,0.0,0.0,0.0,0.0,0.0,0.0
bbrett,Baby Brett on Base,0.00765107,,22052.0,5.62863,0.03288803,2024-06-27T17:30:39.620Z,,0xbe5614875952b1683cb0a2c20e6509be46d353a4,1.0,1.0,0.0,1,0.0,0.0,0.0,1.0,0.0,0.0,0.0,0.0,0.0,0.0,0.0,0.0,0.0,0.0,0.0,0.0,0.0,0.0,0.0,0.0,0.0,0.0,0.0,0.0,0.0,0.0,0.0,0.0
minky,MINKY,6.64e-06,,5033.8,17.54471,0.00031483,2024-08-30T11:33:58.543Z,,0xf9b738c2e7adc4f299c57afd0890b925a5efea6f,1.0,1.0,0.0,1,0.0,0.0,0.0,0.0,0.0,0.0,0.0,0.0,0.0,0.0,0.0,0.0,0.0,0.0,0.0,0.0,0.0,0.0,0.0,0.0,0.0,0.0,0.0,0.0,0.0,0.0,0.0,0.0
aped,Aped,0.00394698,,1634.13,0.82039,0.01933036,2024-10-15T06:04:04.444Z,,0x988a17d9ef5683dc125de54ae4cd217c4c26454f,1.0,1.0,0.0,1,0.0,0.0,0.0,0.0,0.0,0.0,0.0,0.0,0.0,0.0,0.0,0.0,0.0,0.0,0.0,0.0,0.0,0.0,0.0,0.0,0.0,0.0,0.0,0.0,0.0,0.0,0.0,0.0
lower,lower,0.00014438,,15995.48,-0.46409,0.00062861,2024-04-20T15:52:57.787Z,,0x67040bb0ad76236ddd5d156d23ec920a089d1eac,1.0,1.0,0.0,1,0.0,0.0,0.0,0.0,0.0,0.0,0.0,0.0,0.0,0.0,0.0,0.0,0.0,0.0,0.0,0.0,0.0,0.0,0.0,0.0,0.0,0.0,0.0,0.0,0.0,0.0,0.0,0.0
louder,LOUDER,0.00269939,,10580.85,20.64241,0.00359558,2024-10-15T04:52:50.682Z,,0x67040bb0ad76236ddd5d156d23ec920a089d1eac,1.0,1.0,0.0,1,0.0,0.0,0.0,0.0,0.0,0.0,0.0,0.0,0.0,0.0,0.0,0.0,0.0,0.0,0.0,0.0,0.0,0.0,0.0,0.0,0.0,0.0,0.0,0.0,0.0,0.0,0.0,0.0
moew,MOEW,0.00074608,,2670856.0,42.20579,0.00222115,2024-04-06T16:59:46.421Z,,0x15ac90165f8b45a80534228bdcb124a011f62fee,1.0,1.0,1.0,1,0.0,0.0,0.0,0.0,0.0,0.0,0.0,0.0,0.0,0.0,0.0,0.0,0.0,0.0,0.0,0.0,0.0,0.0,1.0,1.0,0.0,0.0,0.0,0.0,0.0,0.0,0.0,0.0
bananas,Monkey Peepo,4.754e-05,,1031.42,10.74498,0.00492246,2024-04-15T11:07:23.063Z,,0x9a27c6759a6de0f26ac41264f0856617dec6bc3f,1.0,1.0,0.0,1,0.0,0.0,0.0,0.0,0.0,0.0,0.0,0.0,0.0,0.0,0.0,0.0,0.0,0.0,0.0,0.0,0.0,0.0,0.0,0.0,0.0,0.0,0.0,0.0,0.0,0.0,0.0,0.0
mooncats,Mooncats on Base,0.0003435,,4291.73,-6.71784,0.00199602,2024-04-05T02:31:53.328Z,,0xc5396321805c7f1bce608cda194aa9155fb20f7d,1.0,1.0,1.0,1,0.0,0.0,0.0,0.0,0.0,0.0,0.0,0.0,0.0,0.0,0.0,0.0,0.0,0.0,0.0,0.0,0.0,0.0,0.0,0.0,0.0,0.0,0.0,0.0,0.0,0.0,0.0,0.0
elepepe,ElephantPepe,6.09e-06,,221.48,11.0346,0.00117593,2024-04-13T06:47:32.313Z,,0xc5396321805c7f1bce608cda194aa9155fb20f7d,1.0,1.0,1.0,1,0.0,0.0,0.0,0.0,0.0,0.0,0.0,0.0,0.0,0.0,0.0,0.0,0.0,0.0,0.0,0.0,0.0,0.0,0.0,0.0,0.0,0.0,0.0,0.0,0.0,0.0,0.0,0.0
usa,Based USA,0.00091044,,90189.0,47.24134,0.01342781,2024-05-22T23:33:32.285Z,,0xb56d0839998fd79efcd15c27cf966250aa58d6d3,1.0,1.0,0.0,1,0.0,0.0,0.0,0.0,0.0,0.0,0.0,0.0,0.0,0.0,0.0,0.0,0.0,0.0,0.0,0.0,0.0,0.0,0.0,0.0,1.0,0.0,0.0,0.0,0.0,0.0,0.0,0.0
dino,Coding Dino,5.874e-05,,576984.0,2.72286,0.00093491,2024-04-02T07:52:53.562Z,,0x85e90a5430af45776548adb82ee4cd9e33b08077,0.0,1.0,0.0,1,0.0,0.0,0.0,0.0,0.0,0.0,0.0,0.0,0.0,0.0,0.0,0.0,0.0,0.0,0.0,0.0,0.0,0.0,0.0,0.0,0.0,0.0,0.0,0.0,0.0,0.0,0.0,0.0
nogs,Noggles,2.063e-05,,64269.0,0.51528,0.00035712,2024-04-23T10:35:44.943Z,,0x13741c5df9ab03e7aa9fb3bf1f714551dd5a5f8a,1.0,1.0,0.0,1,0.0,0.0,0.0,0.0,0.0,0.0,0.0,0.0,0.0,0.0,0.0,1.0,0.0,0.0,0.0,0.0,0.0,0.0,0.0,0.0,0.0,1.0,0.0,0.0,0.0,0.0,0.0,0.0
cats,Lolcat [OLD],6.812e-08,,868.56,,2.07297e-07,2024-05-21T12:07:02.892Z,,0xbc72c1ad220315fa849ff237cf5dd0ad0cf75c73,1.0,1.0,1.0,1,0.0,0.0,0.0,0.0,0.0,0.0,0.0,0.0,0.0,0.0,0.0,0.0,0.0,0.0,0.0,0.0,0.0,0.0,0.0,0.0,0.0,0.0,0.0,0.0,0.0,0.0,0.0,0.0
normus,Normus,0.00013163,,17873.18,79.75151,0.00839891,2024-06-22T21:13:56.000Z,,0xba5ede8d98ab88cea9f0d69918dde28dc23c2553,1.0,1.0,0.0,1,0.0,0.0,0.0,0.0,0.0,0.0,0.0,0.0,0.0,0.0,0.0,0.0,0.0,0.0,0.0,0.0,0.0,0.0,0.0,0.0,0.0,0.0,0.0,0.0,0.0,0.0,0.0,0.0
chuck,Chuck,0.00438134,,249096.0,10.51099,0.03322613,2024-05-10T06:20:34.936Z,,0xba5ede8d98ab88cea9f0d69918dde28dc23c2553,1.0,1.0,0.0,1,0.0,0.0,0.0,0.0,0.0,0.0,0.0,0.0,0.0,0.0,0.0,0.0,0.0,0.0,0.0,0.0,0.0,0.0,0.0,0.0,0.0,0.0,0.0,0.0,0.0,0.0,0.0,0.0
okayeg,Okayeg,1.682e-05,,520481.0,13.29614,5.614e-05,2024-05-21T23:47:09.975Z,,0xdb6e0e5094a25a052ab6845a9f1e486b9a9b3dde,1.0,1.0,0.0,1,0.0,0.0,0.0,0.0,0.0,0.0,0.0,0.0,0.0,0.0,0.0,0.0,0.0,0.0,0.0,0.0,0.0,0.0,0.0,0.0,0.0,0.0,0.0,0.0,0.0,0.0,0.0,0.0
bleu,Le Bleu Elefant,0.00046657,,43682.0,45.72959,0.00300824,2024-05-19T05:04:56.641Z,,0xbf4db8b7a679f89ef38125d5f84dd1446af2ea3b,1.0,1.0,0.0,1,0.0,1.0,0.0,0.0,0.0,0.0,0.0,0.0,0.0,0.0,0.0,0.0,0.0,0.0,0.0,0.0,0.0,0.0,0.0,0.0,0.0,0.0,0.0,0.0,0.0,0.0,0.0,0.0
pola,Pola On Base,0.00024642,,33713.0,157.61949,0.00906813,2024-05-04T11:28:47.343Z,,0x76e7447bafa3f0acafc9692629b1d1bc937ca15d,1.0,1.0,0.0,1,0.0,0.0,0.0,0.0,0.0,0.0,0.0,0.0,0.0,0.0,0.0,0.0,0.0,0.0,0.0,0.0,0.0,0.0,0.0,0.0,0.0,0.0,0.0,0.0,0.0,0.0,0.0,0.0
bps,Base Pro Shops,0.00132287,,169668.0,1.92046,0.0051415,2024-04-11T20:48:50.009Z,,0xda761a290e01c69325d12d82ac402e5a73d62e81,1.0,1.0,0.0,1,0.0,0.0,0.0,0.0,0.0,0.0,0.0,0.0,0.0,0.0,0.0,0.0,0.0,0.0,0.0,0.0,0.0,0.0,0.0,0.0,0.0,0.0,0.0,0.0,0.0,0.0,0.0,0.0
poop,Poopcoin,0.0010602,,162699.0,-15.41973,0.01885904,2024-03-31T10:49:43.024Z,,0x686b1209b2de12818aa69dd139530448d0c792b3,1.0,1.0,0.0,1,0.0,0.0,0.0,0.0,0.0,0.0,0.0,0.0,0.0,0.0,0.0,0.0,0.0,0.0,0.0,0.0,0.0,0.0,0.0,0.0,0.0,0.0,0.0,0.0,0.0,0.0,0.0,0.0
$rocky,ROCKY,0.00068413,,24626.0,17.27517,0.064156,2024-05-04T00:16:29.306Z,,0x3636a7734b669ce352e97780df361ce1f809c58c,1.0,1.0,0.0,1,1.0,0.0,0.0,0.0,0.0,0.0,0.0,0.0,0.0,0.0,0.0,0.0,0.0,0.0,0.0,0.0,0.0,0.0,0.0,0.0,0.0,0.0,0.0,0.0,0.0,0.0,0.0,0.0
roost,Roost,0.00303545,,311269.0,27.20769,0.131903,2024-03-27T09:23:42.994Z,,0x3636a7734b669ce352e97780df361ce1f809c58c,1.0,1.0,0.0,1,1.0,0.0,0.0,0.0,0.0,0.0,0.0,0.0,0.0,0.0,0.0,0.0,0.0,0.0,0.0,0.0,0.0,0.0,0.0,0.0,0.0,0.0,0.0,0.0,0.0,0.0,0.0,0.0
loa,Law of Attraction,0.00902758,,14129.57,14.72394,0.145494,2024-05-24T06:09:00.684Z,,0x8d3419b9a18651f3926a205ee0b1acea1e7192de,1.0,1.0,0.0,1,0.0,0.0,0.0,0.0,0.0,0.0,0.0,0.0,0.0,0.0,0.0,0.0,0.0,0.0,0.0,0.0,0.0,0.0,0.0,0.0,0.0,0.0,0.0,0.0,0.0,0.0,0.0,0.0
bshib,Based Shiba Inu,6.847e-05,,46481.0,28.86534,0.00206227,2024-03-21T03:48:55.296Z,,0xfea9dcdc9e23a9068bf557ad5b186675c61d33ea,1.0,1.0,0.0,1,1.0,0.0,0.0,0.0,0.0,0.0,0.0,0.0,0.0,0.0,0.0,0.0,0.0,0.0,0.0,0.0,0.0,0.0,0.0,0.0,0.0,0.0,0.0,0.0,0.0,0.0,0.0,0.0
based,BASED,1.953e-05,,923853.0,84.65746,0.00014093,2024-08-14T03:30:39.674Z,,0x32e0f9d26d1e33625742a52620cc76c1130efde6,1.0,1.0,0.0,1,0.0,0.0,0.0,0.0,0.0,0.0,0.0,0.0,0.0,0.0,0.0,0.0,0.0,0.0,0.0,0.0,0.0,0.0,0.0,0.0,0.0,0.0,0.0,0.0,0.0,0.0,0.0,0.0
keren,Keren,0.00023285,,10026.94,21.97037,0.00158408,2024-05-26T20:07:43.300Z,,0x32e0f9d26d1e33625742a52620cc76c1130efde6,1.0,1.0,0.0,1,0.0,0.0,0.0,0.0,0.0,0.0,0.0,0.0,0.0,0.0,0.0,0.0,0.0,0.0,0.0,0.0,0.0,0.0,0.0,0.0,0.0,0.0,0.0,0.0,0.0,0.0,0.0,0.0
daddy,Crypto Journey,0.39029,,10409.2,25.77394,8.35,2024-06-14T04:09:37.994Z,,0xdb173587d459ddb1b9b0f2d6d88febef039304a2,1.0,1.0,0.0,1,0.0,0.0,0.0,0.0,0.0,0.0,0.0,0.0,0.0,0.0,0.0,0.0,0.0,0.0,0.0,0.0,0.0,0.0,0.0,0.0,0.0,0.0,0.0,0.0,0.0,0.0,0.0,0.0
butt,Buttman,0.000211,,5350.54,-12.89368,0.00532792,2024-03-25T00:36:06.715Z,,0xd11a584de5fa50a4ee560c48ab44dbb31823d9bc,1.0,1.0,0.0,1,0.0,0.0,0.0,0.0,0.0,0.0,0.0,0.0,0.0,0.0,0.0,0.0,0.0,0.0,0.0,0.0,0.0,0.0,0.0,0.0,0.0,0.0,0.0,0.0,0.0,0.0,0.0,0.0
broge,Broge,1.88643e-10,,4415.5,35.89623,2.412e-09,2024-03-26T06:16:35.218Z,,0xe8e55a847bb446d967ef92f4580162fb8f2d3f38,1.0,1.0,0.0,1,0.0,0.0,0.0,0.0,0.0,0.0,0.0,0.0,0.0,0.0,0.0,0.0,0.0,0.0,0.0,0.0,0.0,0.0,0.0,0.0,0.0,0.0,0.0,0.0,0.0,0.0,0.0,0.0
brett2.0,Brett 2.0,0.00043456,,45460.0,69.98349,0.0045983,2024-05-03T21:32:11.502Z,,0x1a475d06d967aeb686c98de80d079d72097aeacf,1.0,1.0,0.0,1,0.0,0.0,1.0,1.0,0.0,0.0,0.0,0.0,0.0,0.0,0.0,0.0,0.0,0.0,0.0,0.0,0.0,0.0,0.0,0.0,0.0,0.0,0.0,0.0,0.0,0.0,0.0,0.0
pov,Degen POV,7.2084e-08,,6716.19,62.28217,1.6e-06,2024-06-06T14:04:51.563Z,,0x4c96a67b0577358894407af7bc3158fc1dffbeb5,0.0,1.0,0.0,1,0.0,0.0,0.0,0.0,0.0,0.0,0.0,0.0,0.0,0.0,0.0,0.0,0.0,0.0,0.0,0.0,0.0,0.0,0.0,0.0,0.0,0.0,0.0,0.0,0.0,0.0,0.0,0.0
dog,Basic Dog Meme,0.00092329,,390287.0,211.18342,0.00824389,2024-03-08T09:51:58.454Z,,0x4c96a67b0577358894407af7bc3158fc1dffbeb5,0.0,1.0,0.0,1,0.0,0.0,0.0,0.0,0.0,0.0,0.0,0.0,0.0,0.0,0.0,0.0,0.0,0.0,0.0,0.0,0.0,0.0,0.0,0.0,0.0,0.0,0.0,0.0,0.0,0.0,0.0,0.0
bolt,BOLT on Base,0.00241064,,547795.0,84.23786,0.02438675,2024-06-09T11:05:01.197Z,,0x7cf7132ede0ca592a236b6198a681bb7b42dd5ae,1.0,1.0,0.0,1,0.0,0.0,0.0,0.0,0.0,0.0,0.0,0.0,0.0,0.0,0.0,0.0,0.0,0.0,0.0,0.0,0.0,0.0,0.0,0.0,0.0,0.0,0.0,0.0,0.0,0.0,0.0,0.0
tree,/treeplanting,3.597e-05,,1139.57,6.17842,0.00015634,2024-07-24T02:25:23.843Z,,0x6888c2409d48222e2cb738eb5a805a522a96ce80,1.0,1.0,0.0,1,0.0,0.0,0.0,0.0,0.0,0.0,0.0,0.0,0.0,0.0,0.0,0.0,0.0,0.0,0.0,0.0,0.0,0.0,0.0,0.0,0.0,0.0,0.0,0.0,0.0,0.0,0.0,0.0
boe,Boe,0.00012367,,6230.72,16.81217,0.00390635,2024-05-09T08:48:25.445Z,,0xff62ddfa80e513114c3a0bf4d6ffff1c1d17aadf,1.0,1.0,0.0,1,0.0,0.0,0.0,0.0,0.0,0.0,0.0,0.0,0.0,0.0,0.0,0.0,0.0,0.0,0.0,0.0,0.0,0.0,0.0,0.0,0.0,0.0,0.0,0.0,0.0,0.0,0.0,0.0
ubps,United Base Postal,0.00027027,,467.76,7.50398,0.01447609,2024-05-21T17:43:56.563Z,,0x0c90c756350fb803a7d5d9f9ee5ac29e77369973,1.0,1.0,0.0,1,0.0,0.0,1.0,0.0,0.0,0.0,0.0,0.0,0.0,0.0,0.0,0.0,0.0,0.0,0.0,0.0,0.0,0.0,0.0,0.0,0.0,0.0,0.0,0.0,0.0,0.0,0.0,0.0
bario,Based Bario,0.00076023,,196942.0,3.89912,0.00091985,2024-11-13T03:19:01.801Z,,0x814fe70e85025bec87d4ad3f3b713bdcaac0579b,1.0,1.0,0.0,1,0.0,0.0,0.0,0.0,0.0,0.0,0.0,0.0,0.0,0.0,0.0,0.0,0.0,0.0,0.0,0.0,0.0,0.0,0.0,0.0,0.0,0.0,1.0,1.0,1.0,0.0,0.0,0.0
bored,BORED,0.00096439,,145284.0,0.39008,0.0040768,2024-04-15T13:00:42.082Z,,0x70737489dfdf1a29b7584d40500d3561bd4fe196,0.0,1.0,0.0,1,0.0,0.0,0.0,0.0,0.0,0.0,0.0,0.0,0.0,0.0,0.0,0.0,0.0,0.0,0.0,0.0,0.0,0.0,0.0,0.0,0.0,0.0,0.0,0.0,0.0,0.0,0.0,0.0
weirdo,Weirdo [OLD],0.02471999,,414.02,9.79632,8.82,2024-04-09T00:36:59.709Z,,0x70737489dfdf1a29b7584d40500d3561bd4fe196,0.0,1.0,0.0,1,0.0,0.0,0.0,0.0,0.0,0.0,0.0,0.0,0.0,0.0,0.0,0.0,0.0,0.0,0.0,0.0,0.0,0.0,0.0,0.0,0.0,0.0,0.0,0.0,0.0,0.0,0.0,0.0
gme,GME (Base),0.00601507,,32861.0,8.72646,0.063175,2024-06-07T08:10:02.345Z,,0xbeb0fd48c2ba0f1aacad2814605f09e08a96b94e,1.0,1.0,0.0,1,0.0,0.0,0.0,0.0,0.0,0.0,0.0,0.0,0.0,0.0,0.0,0.0,0.0,0.0,0.0,0.0,0.0,0.0,0.0,0.0,0.0,0.0,0.0,0.0,0.0,0.0,0.0,0.0
birddog,Bird Dog on Base,0.00061054,,18112.33,57.27981,0.00540852,2024-06-09T07:03:56.397Z,,0x92af6f53febd6b4c6f5293840b6076a1b82c4bc2,1.0,1.0,0.0,1,0.0,0.0,0.0,0.0,0.0,0.0,0.0,0.0,0.0,0.0,0.0,0.0,0.0,0.0,0.0,0.0,0.0,0.0,0.0,0.0,0.0,0.0,0.0,0.0,0.0,0.0,0.0,0.0
long,LONG,186.43,,286.8,1.50623,2147.75,2024-04-12T10:17:25.978Z,,0x2816a491dd0b7a88d84cbded842a618e59016888,1.0,1.0,0.0,1,0.0,0.0,0.0,0.0,0.0,0.0,0.0,0.0,0.0,0.0,0.0,0.0,0.0,0.0,0.0,0.0,0.0,0.0,0.0,0.0,0.0,0.0,0.0,1.0,0.0,1.0,0.0,0.0
fungi,Fungi,0.03363694,,168383.0,-8.32642,0.094004,2024-04-05T20:43:38.507Z,,0x7d9ce55d54ff3feddb611fc63ff63ec01f26d15f,1.0,1.0,0.0,1,0.0,0.0,0.0,0.0,0.0,0.0,0.0,0.0,0.0,0.0,0.0,0.0,0.0,1.0,0.0,0.0,0.0,0.0,0.0,0.0,0.0,0.0,0.0,0.0,0.0,0.0,1.0,1.0
mf,Make Fun,0.00639984,,9727.29,-0.0808,0.00692038,2024-11-11T15:30:31.007Z,,0x7d9ce55d54ff3feddb611fc63ff63ec01f26d15f,1.0,1.0,0.0,1,0.0,0.0,0.0,0.0,0.0,0.0,0.0,0.0,0.0,0.0,0.0,0.0,0.0,1.0,0.0,0.0,0.0,0.0,0.0,0.0,0.0,0.0,0.0,0.0,0.0,0.0,1.0,1.0
$boshi,Based Boshi,8.64219e-07,,286.01,4.37358,2.991e-05,2024-07-30T17:14:35.606Z,,0x7fdd7419428955dbf36d4176af5a8f09ad29d1f3,1.0,1.0,0.0,1,0.0,0.0,0.0,0.0,0.0,0.0,0.0,0.0,0.0,0.0,0.0,0.0,0.0,0.0,0.0,0.0,0.0,0.0,0.0,0.0,0.0,0.0,0.0,0.0,0.0,0.0,0.0,0.0
,NULL MATRIX,212.98,2821.0,620236.0,27.83422,387.03,2024-10-27T13:10:52.071Z,2.048052,0x0a14ef61afb32e5ca672e021784f71705ac14908,1.0,1.0,,1,,,,,1.0,,,,1.0,1.0,1.0,,,,,,,,,,,,,,,,,
null,NULL MATRIX,212.98,2821.0,620236.0,27.83422,387.03,2024-10-27T13:10:52.071Z,2.048052,0x0a14ef61afb32e5ca672e021784f71705ac14908,1.0,1.0,,1,,,,,1.0,,,,1.0,1.0,1.0,,,,,,,,,,,,,,,,,
